0x1,0x80000128,99
0x1,0x80000132,2
0x1,0x80000179,128
0x1,0x8000017a,9
0x1,0x8000017b,35
0x1,0x8000017c,30
0x1,0x8000017d,25
0x1,0x80000181,1
0x1,0x80000182,0x2000001e
0x1,0x80000183,0x20000023
0x1,0x80000198,0x90000010
0x1,0x800001f1,0x90000011
0x1,0x800001f2,20
0x1,0x800001f4,0x9000001c
0x1,0x80000204,10
0x2,0x80000128,50
0x2,0x80000179,112
0x2,0x8000017a,8
0x2,0x8000017b,10
0x2,0x8000017c,20
0x2,0x8000017d,50
0x2,0x80000181,1
0x2,0x80000182,0x2000001e
0x2,0x80000183,0x20000023
0x2,0x80000196,0xa0000006
0x2,0x80000198,0x9000000b
0x2,0x800001f1,0x90000018
0x2,0x800001f2,10
0x2,0x800001f4,0x9000001a
0x2,0x80000202,5
0x2,0x80000203,10
0x2,0x80000204,10
0x3,0x80000179,80
0x3,0x8000017a,7
0x3,0x8000017b,20
0x3,0x8000017c,30
0x3,0x8000017d,20
0x3,0x80000181,1
0x3,0x80000182,0x2000001e
0x3,0x80000183,0x20000023
0x3,0x80000198,0x9000000d
0x3,0x800001f4,0x9000001a
0x4,0x80000179,112
0x4,0x8000017a,7
0x4,0x8000017b,40
0x4,0x8000017c,20
0x4,0x8000017d,10
0x4,0x80000181,1
0x4,0x80000182,0x2000001e
0x4,0x80000183,0x20000023
0x4,0x80000198,0x90000010
0x4,0x800001f4,0x9000001d
0x5,0x80000179,112
0x5,0x8000017a,8
0x5,0x8000017b,20
0x5,0x8000017c,20
0x5,0x8000017d,40
0x5,0x80000181,1
0x5,0x80000182,0x2000001e
0x5,0x80000183,0x20000023
0x5,0x80000198,0x9000000b
0x5,0x800001f4,0x9000001a
0x6,0x80000179,112
0x6,0x8000017a,8
0x6,0x8000017b,30
0x6,0x8000017c,25
0x6,0x8000017d,25
0x6,0x80000181,1
0x6,0x80000182,0x2000001e
0x6,0x80000183,0x20000023
0x6,0x80000198,0x9000000f
0x6,0x800001f4,0x9000001b
0x7,0x80000179,120
0x7,0x8000017a,8
0x7,0x8000017b,30
0x7,0x8000017c,30
0x7,0x8000017d,20
0x7,0x80000181,1
0x7,0x80000182,0x2000001e
0x7,0x80000183,0x20000023
0x7,0x80000198,0x90000010
0x7,0x800001f4,0x9000001c
0x8,0x80000179,120
0x8,0x8000017a,8
0x8,0x8000017b,25
0x8,0x8000017c,35
0x8,0x8000017d,20
0x8,0x80000181,1
0x8,0x80000182,0x2000001e
0x8,0x80000183,0x20000023
0x8,0x80000198,0x9000000c
0x8,0x800001f1,0x90000011
0x8,0x800001f2,20
0x8,0x800001f4,0x9000001b
0x8,0x80000204,10
0x9,0x80000179,112
0x9,0x8000017a,8
0x9,0x8000017b,25
0x9,0x8000017c,20
0x9,0x8000017d,35
0x9,0x80000181,1
0x9,0x80000182,0x2000001e
0x9,0x80000183,0x20000023
0x9,0x80000198,0x9000000b
0x9,0x800001f4,0x9000001a
0xa,0x80000179,24
0xa,0x8000017a,2
0xa,0x8000017b,5
0xa,0x8000017c,5
0xa,0x8000017d,10
0xa,0x80000181,1
0xa,0x80000182,0x2000001e
0xa,0x80000183,0x20000023
0xa,0x80000185,1
0xb,0x80000128,99
0xb,0x80000132,2
0xb,0x80000179,256
0xb,0x8000017a,16
0xb,0x8000017b,55
0xb,0x8000017c,50
0xb,0x8000017d,55
0xb,0x80000185,1
0xb,0x8000018c,1
0xb,0x8000018d,1
0xb,0x8000018e,1
0xb,0x80000196,0xa000001b
0xb,0x80000198,0x90000018
0xb,0x800001f4,0x90000020
0xb,0x80000202,15
0xc,0x80000179,136
0xc,0x8000017a,9
0xc,0x8000017b,35
0xc,0x8000017c,35
0xc,0x8000017d,20
0xc,0x80000185,1
0xc,0x8000018a,1
0xc,0x8000018c,1
0xc,0x8000018d,1
0xc,0x8000018e,1
0xc,0x8000018f,1
0xc,0x800001f1,0x9000002b
0xc,0x800001f2,10
0xc,0x800001f4,0x9000001f
0xc,0x800001ff,0x90000028
0xc,0x80000200,0x9000002a
0xc,0x80000201,0x90000027
0xc,0x80000204,10
0xc,0x8000024f,2
0xd,0x80000179,208
0xd,0x8000017a,13
0xd,0x8000017b,70
0xd,0x8000017c,40
0xd,0x8000017d,20
0xd,0x80000181,1
0xd,0x80000182,0x2000001e
0xd,0x80000183,0x20000023
0xd,0x80000185,1
0xd,0x80000198,0x90000014
0xd,0x800001f4,0x9000001d
0xd,0x80000248,1
0xe,0x80000179,80
0xe,0x8000017a,6
0xe,0x8000017b,20
0xe,0x8000017c,20
0xe,0x8000017d,20
0xe,0x80000181,1
0xe,0x80000182,0x2000001e
0xe,0x80000183,0x20000023
0xe,0x800001f4,0x9000001a
0xf,0x80000179,128
0xf,0x8000017a,9
0xf,0x8000017b,20
0xf,0x8000017c,35
0xf,0x8000017d,35
0xf,0x80000181,1
0xf,0x80000182,0x2000001e
0xf,0x80000183,0x20000023
0xf,0x80000198,0x9000000c
0xf,0x800001f4,0x9000001a
0x10,0x80000179,130
0x10,0x8000017a,9
0x10,0x8000017b,25
0x10,0x8000017c,35
0x10,0x8000017d,30
0x10,0x80000181,1
0x10,0x80000182,0x2000001e
0x10,0x80000183,0x20000023
0x10,0x80000198,0x9000000c
0x10,0x800001f4,0x9000001a
0x11,0x80000179,50
0x11,0x8000017a,4
0x11,0x8000017b,5
0x11,0x8000017c,20
0x11,0x8000017d,15
0x11,0x80000181,1
0x11,0x80000182,0x2000001e
0x12,0x80000179,18
0x12,0x8000017a,2
0x12,0x8000017b,5
0x12,0x8000017c,10
0x12,0x8000017d,5
0x12,0x80000181,1
0x12,0x80000182,0x2000001d
0x13,0x80000179,168
0x13,0x8000017a,11
0x13,0x8000017b,50
0x13,0x8000017c,40
0x13,0x8000017d,20
0x13,0x80000182,0x2000001d
0x13,0x8000024f,1
0x14,0x80000128,99
0x14,0x80000132,0
0x14,0x80000179,256
0x14,0x8000017a,16
0x14,0x8000017b,40
0x14,0x8000017c,45
0x14,0x8000017d,75
0x14,0x80000181,1
0x14,0x80000182,0x2000001e
0x14,0x80000183,0x20000023
0x14,0x80000185,1
0x14,0x80000196,0xa0000022
0x14,0x80000198,0x9000000b
0x14,0x800001f1,0x90000018
0x14,0x800001f2,50
0x14,0x800001f4,0x90000020
0x14,0x80000202,7
0x14,0x80000203,20
0x14,0x80000204,5
0x15,0x80000179,256
0x15,0x8000017a,13
0x15,0x8000017b,60
0x15,0x8000017c,40
0x15,0x8000017d,30
0x15,0x80000185,1
0x15,0x8000018d,1
0x15,0x8000018e,1
0x15,0x80000192,1
0x15,0x80000194,1
0x15,0x800001f1,0x90000023
0x15,0x800001f2,20
0x15,0x80000204,10
0x15,0x8000024f,2
0x16,0x80000179,72
0x16,0x8000017a,5
0x16,0x8000017b,10
0x16,0x8000017c,30
0x16,0x8000017d,10
0x16,0x80000198,0x90000010
0x16,0x800001f1,0x9000000d
0x16,0x800001f2,20
0x16,0x80000204,10
0x16,0x8000024f,2
0x17,0x80000179,112
0x17,0x8000017a,7
0x17,0x8000017b,35
0x17,0x8000017c,25
0x17,0x8000017d,10
0x17,0x8000018b,1
0x17,0x8000018f,1
0x17,0x800001f1,0x90000028
0x17,0x800001f2,20
0x17,0x80000204,10
0x17,0x8000024f,2
0x18,0x80000179,144
0x18,0x8000017a,9
0x18,0x8000017b,40
0x18,0x8000017c,35
0x18,0x8000017d,15
0x18,0x800001f1,0x90000024
0x18,0x800001f2,20
0x18,0x80000204,10
0x18,0x8000024f,2
0x19,0x80000179,112
0x19,0x8000017a,7
0x19,0x8000017b,20
0x19,0x8000017c,30
0x19,0x8000017d,25
0x19,0x800001f1,0x90000018
0x19,0x800001f2,10
0x19,0x80000204,10
0x19,0x8000024f,1
0x1a,0x80000179,32
0x1a,0x8000017a,3
0x1a,0x8000017b,10
0x1a,0x8000017c,15
0x1a,0x8000017d,5
0x1a,0x80000182,0x2000001d
0x1a,0x8000024f,1
0x1b,0x80000179,32
0x1b,0x8000017a,3
0x1b,0x8000017b,5
0x1b,0x8000017c,20
0x1b,0x8000017d,5
0x1b,0x80000182,0x2000001d
0x1b,0x8000024f,1
0x1c,0x80000179,64
0x1c,0x8000017a,5
0x1c,0x8000017b,15
0x1c,0x8000017c,25
0x1c,0x8000017d,10
0x1c,0x80000182,0x2000001d
0x1c,0x8000018b,1
0x1c,0x800001f1,0x9000002a
0x1c,0x800001f2,20
0x1c,0x80000204,10
0x1c,0x8000024f,1
0x1d,0x80000179,96
0x1d,0x8000017a,6
0x1d,0x8000017b,15
0x1d,0x8000017c,30
0x1d,0x8000017d,15
0x1d,0x80000185,1
0x1d,0x8000018a,1
0x1d,0x8000024f,2
0x1e,0x80000179,56
0x1e,0x8000017a,4
0x1e,0x8000017b,20
0x1e,0x8000017c,15
0x1e,0x8000017d,5
0x1e,0x8000024f,2
0x1f,0x80000179,112
0x1f,0x8000017a,7
0x1f,0x8000017b,35
0x1f,0x8000017c,25
0x1f,0x8000017d,10
0x1f,0x80000181,1
0x1f,0x80000182,0x2000001d
0x1f,0x80000183,0x20000023
0x1f,0x80000198,0x9000000f
0x1f,0x800001f4,0x9000001b
0x1f,0x8000024f,2
0x20,0x80000179,56
0x20,0x8000017a,4
0x20,0x8000017b,5
0x20,0x8000017c,30
0x20,0x8000017d,5
0x20,0x80000181,1
0x20,0x80000182,0x2000001d
0x20,0x80000183,0x20000023
0x20,0x80000186,1
0x20,0x800001f4,0x9000001a
0x20,0x8000024f,2
0x21,0x80000070,1
0x21,0x80000179,208
0x21,0x8000017a,13
0x21,0x8000017b,55
0x21,0x8000017c,20
0x21,0x8000017d,55
0x21,0x8000018d,1
0x21,0x800001f1,0x9000002a
0x21,0x800001f2,10
0x21,0x800001f4,0x9000001d
0x21,0x80000204,10
0x21,0x8000024f,2
0x22,0x80000128,99
0x22,0x80000179,232
0x22,0x8000017a,15
0x22,0x8000017b,50
0x22,0x8000017c,30
0x22,0x8000017d,70
0x22,0x80000182,0x2000001d
0x22,0x80000185,1
0x22,0x80000191,1
0x22,0x80000196,0xa0000005
0x22,0x800001f1,0x9000002b
0x22,0x800001f2,50
0x22,0x800001f4,0x9000001b
0x22,0x800001ff,0x90000028
0x22,0x80000200,0x9000002a
0x22,0x80000201,0x90000027
0x22,0x80000202,20
0x22,0x80000203,10
0x22,0x80000204,5
0x22,0x8000024f,2
0x23,0x80000132,2
0x23,0x80000179,32
0x23,0x8000017a,3
0x23,0x8000017b,3
0x23,0x8000017c,24
0x23,0x8000017d,3
0x23,0x8000024f,1
0x24,0x80000179,242
0x24,0x8000017a,16
0x24,0x8000017b,35
0x24,0x8000017c,65
0x24,0x8000017d,60
0x24,0x80000182,0x2000001d
0x24,0x800001f1,0x90000027
0x24,0x800001f2,30
0x24,0x800001f4,0x9000001b
0x24,0x80000204,5
0x24,0x8000024f,2
0x25,0x80000179,136
0x25,0x8000017a,9
0x25,0x8000017b,45
0x25,0x8000017c,35
0x25,0x8000017d,10
0x25,0x80000185,1
0x25,0x8000018a,1
0x25,0x80000198,0x90000010
0x25,0x800001f4,0x9000001d
0x25,0x8000024f,2
0x26,0x80000132,2
0x26,0x80000179,72
0x26,0x8000017a,5
0x26,0x8000017b,25
0x26,0x8000017c,15
0x26,0x8000017d,10
0x26,0x80000181,1
0x26,0x80000182,0x2000001d
0x26,0x80000183,0x20000023
0x26,0x800001f4,0x9000001a
0x26,0x8000024f,2
0x27,0x80000179,56
0x27,0x8000017a,4
0x27,0x8000017b,15
0x27,0x8000017c,20
0x27,0x8000017d,5
0x27,0x80000181,1
0x27,0x80000183,0x20000023
0x27,0x80000185,1
0x27,0x8000018a,1
0x27,0x8000024f,2
0x28,0x80000179,80
0x28,0x8000017a,6
0x28,0x8000017b,20
0x28,0x8000017c,30
0x28,0x8000017d,10
0x28,0x80000181,1
0x28,0x80000182,0x2000001e
0x28,0x80000183,0x20000023
0x28,0x80000187,1
0x28,0x80000198,0x90000010
0x28,0x800001f4,0x9000001a
0x28,0x8000024f,2
0x29,0x80000179,48
0x29,0x8000017a,4
0x29,0x8000017b,10
0x29,0x8000017c,20
0x29,0x8000017d,10
0x29,0x80000182,0x2000001d
0x29,0x8000018b,1
0x29,0x8000024f,1
0x2a,0x80000132,2
0x2a,0x80000179,128
0x2a,0x8000017a,8
0x2a,0x8000017b,30
0x2a,0x8000017c,30
0x2a,0x8000017d,20
0x2a,0x80000181,1
0x2a,0x80000182,0x2000001d
0x2a,0x80000183,0x20000023
0x2a,0x800001f1,0x90000026
0x2a,0x800001f2,20
0x2a,0x800001f4,0x9000001a
0x2a,0x80000204,10
0x2a,0x8000024f,2
0x2b,0x80000179,80
0x2b,0x8000017a,5
0x2b,0x8000017b,30
0x2b,0x8000017c,15
0x2b,0x8000017d,5
0x2b,0x80000182,0x2000001d
0x2b,0x8000024f,2
0x2c,0x80000179,144
0x2c,0x8000017a,9
0x2c,0x8000017b,50
0x2c,0x8000017c,25
0x2c,0x8000017d,15
0x2c,0x80000181,1
0x2c,0x80000182,0x2000001d
0x2c,0x80000183,0x20000023
0x2c,0x800001f1,0x90000026
0x2c,0x800001f2,20
0x2c,0x80000204,10
0x2c,0x8000024f,2
0x2d,0x80000179,80
0x2d,0x8000017a,5
0x2d,0x8000017b,10
0x2d,0x8000017c,30
0x2d,0x8000017d,10
0x2d,0x8000018d,1
0x2d,0x8000024f,2
0x2e,0x80000179,176
0x2e,0x8000017a,12
0x2e,0x8000017b,10
0x2e,0x8000017c,30
0x2e,0x8000017d,80
0x2e,0x80000181,1
0x2e,0x80000182,0x2000001e
0x2e,0x80000183,0x20000023
0x2e,0x80000198,0x9000000b
0x2e,0x800001f1,0x90000018
0x2e,0x800001f2,20
0x2e,0x800001f4,0x9000001a
0x2e,0x80000204,10
0x2e,0x8000024f,2
0x2f,0x80000179,200
0x2f,0x8000017a,13
0x2f,0x8000017b,40
0x2f,0x8000017c,40
0x2f,0x8000017d,50
0x2f,0x80000181,1
0x2f,0x80000183,0x20000023
0x2f,0x80000185,1
0x2f,0x8000018a,1
0x2f,0x80000198,0x9000000b
0x2f,0x800001f1,0x90000018
0x2f,0x800001f2,30
0x2f,0x80000204,10
0x2f,0x8000024f,2
0x30,0x80000179,96
0x30,0x8000017a,7
0x30,0x8000017b,15
0x30,0x8000017c,35
0x30,0x8000017d,20
0x30,0x80000182,0x2000001d
0x30,0x8000018c,1
0x30,0x80000190,1
0x30,0x800001f1,0x90000025
0x30,0x800001f2,30
0x30,0x800001f4,0x9000001b
0x30,0x80000204,7
0x30,0x8000024f,2
0x31,0x80000128,99
0x31,0x80000179,248
0x31,0x8000017a,16
0x31,0x8000017b,60
0x31,0x8000017c,45
0x31,0x8000017d,55
0x31,0x80000182,0x2000001d
0x31,0x80000196,0xa000001b
0x31,0x80000202,15
0x31,0x80000203,20
0x31,0x8000024f,2
0x32,0x80000179,160
0x32,0x8000017a,10
0x32,0x8000017b,25
0x32,0x8000017c,40
0x32,0x8000017d,35
0x32,0x80000181,1
0x32,0x80000182,0x2000001d
0x32,0x80000183,0x20000023
0x32,0x8000018c,1
0x32,0x80000198,0x90000018
0x32,0x800001f4,0x9000001b
0x32,0x8000024f,2
0x33,0x80000179,216
0x33,0x8000017a,14
0x33,0x8000017b,70
0x33,0x8000017c,35
0x33,0x8000017d,35
0x33,0x80000182,0x2000001d
0x33,0x8000018c,1
0x33,0x800001f1,0x90000024
0x33,0x800001f2,60
0x33,0x800001f4,0x9000001d
0x33,0x80000204,10
0x33,0x8000024f,2
0x34,0x80000179,240
0x34,0x8000017a,15
0x34,0x8000017b,60
0x34,0x8000017c,45
0x34,0x8000017d,45
0x34,0x80000182,0x2000001d
0x34,0x80000183,0x20000023
0x34,0x8000018c,1
0x34,0x800001f1,0x90000024
0x34,0x800001f2,40
0x34,0x800001f4,0x9000001d
0x34,0x80000204,10
0x34,0x8000024f,2
0x35,0x80000128,99
0x35,0x80000179,256
0x35,0x8000017a,16
0x35,0x8000017b,50
0x35,0x8000017c,50
0x35,0x8000017d,60
0x35,0x80000181,1
0x35,0x80000182,0x2000001d
0x35,0x80000183,0x20000023
0x35,0x8000018c,1
0x35,0x80000196,0xa0000005
0x35,0x80000198,0x90000010
0x35,0x800001f1,0x90000027
0x35,0x800001f2,20
0x35,0x800001f4,0x9000001d
0x35,0x800001ff,0x9000002a
0x35,0x80000200,0x90000028
0x35,0x80000201,0x9000002b
0x35,0x80000202,20
0x35,0x80000204,5
0x35,0x8000024f,2
0x36,0x80000128,99
0x36,0x80000179,242
0x36,0x8000017a,16
0x36,0x8000017b,45
0x36,0x8000017c,55
0x36,0x8000017d,60
0x36,0x80000185,1
0x36,0x8000018c,1
0x36,0x8000018d,1
0x36,0x8000018e,1
0x36,0x80000196,0xa000001b
0x36,0x80000198,0x90000018
0x36,0x800001f4,0x90000020
0x36,0x80000202,15
0x36,0x80000203,50
0x37,0x80000128,99
0x37,0x80000179,248
0x37,0x8000017a,16
0x37,0x8000017b,60
0x37,0x8000017c,40
0x37,0x8000017d,60
0x37,0x80000185,1
0x37,0x8000018c,1
0x37,0x8000018d,1
0x37,0x8000018e,1
0x37,0x80000190,1
0x37,0x80000196,0xa000001b
0x37,0x800001f1,0x90000024
0x37,0x800001f2,100
0x37,0x800001f4,0x90000020
0x37,0x80000202,15
0x37,0x80000204,5
0x38,0x80000179,160
0x38,0x8000017a,10
0x38,0x8000017b,35
0x38,0x8000017c,35
0x38,0x8000017d,30
0x38,0x80000182,0x2000001d
0x38,0x80000195,1
0x38,0x80000197,120
0x3a,0x80000179,112
0x3a,0x8000017a,7
0x3a,0x8000017b,35
0x3a,0x8000017c,20
0x3a,0x8000017d,15
0x3a,0x8000017f,10
0x3a,0x80000181,1
0x3a,0x80000182,0x2000001e
0x3a,0x80000188,1
0x3a,0x80000189,1
0x3a,0x80000198,0x9000005b
0x3a,0x800001f4,0x90000066
0x3a,0x8000024f,2
0x3b,0x80000179,256
0x3b,0x8000017a,13
0x3b,0x8000017b,60
0x3b,0x8000017c,40
0x3b,0x8000017d,30
0x3b,0x8000017f,10
0x3b,0x80000185,1
0x3b,0x80000189,1
0x3b,0x8000018d,1
0x3b,0x8000018e,1
0x3b,0x80000192,1
0x3b,0x80000194,1
0x3b,0x800001f1,0x90000071
0x3b,0x800001f2,20
0x3b,0x80000204,10
0x3b,0x8000024f,2
0x3c,0x80000179,96
0x3c,0x8000017a,6
0x3c,0x8000017b,25
0x3c,0x8000017c,20
0x3c,0x8000017d,15
0x3c,0x8000017f,10
0x3c,0x80000181,1
0x3c,0x80000182,0x2000001e
0x3c,0x80000189,1
0x3c,0x800001f4,0x90000064
0x3c,0x8000024f,2
0x3d,0x80000179,144
0x3d,0x8000017a,9
0x3d,0x8000017b,50
0x3d,0x8000017c,30
0x3d,0x8000017d,10
0x3d,0x8000017f,10
0x3d,0x8000024f,2
0x3e,0x80000132,2
0x3e,0x80000179,128
0x3e,0x8000017a,8
0x3e,0x8000017b,30
0x3e,0x8000017c,30
0x3e,0x8000017d,20
0x3e,0x8000017f,10
0x3e,0x80000181,1
0x3e,0x80000182,0x2000001d
0x3e,0x80000188,1
0x3e,0x80000189,1
0x3e,0x800001f4,0x90000064
0x3e,0x8000024f,2
0x3f,0x80000179,120
0x3f,0x8000017a,8
0x3f,0x8000017b,35
0x3f,0x8000017c,25
0x3f,0x8000017d,20
0x3f,0x8000017f,10
0x3f,0x80000181,1
0x3f,0x80000182,0x2000001e
0x3f,0x80000188,1
0x3f,0x80000189,1
0x3f,0x80000198,0x9000005b
0x3f,0x800001f4,0x90000066
0x3f,0x8000024f,2
0x40,0x80000179,256
0x40,0x8000017a,16
0x40,0x8000017b,50
0x40,0x8000017c,50
0x40,0x8000017d,60
0x40,0x8000017f,10
0x40,0x80000181,1
0x40,0x80000182,0x2000001d
0x40,0x80000189,1
0x40,0x8000018c,1
0x40,0x80000198,0x9000005b
0x40,0x800001f4,0x90000066
0x40,0x8000024f,2
0x41,0x80000179,160
0x41,0x8000017a,10
0x41,0x8000017b,25
0x41,0x8000017c,40
0x41,0x8000017d,35
0x41,0x8000017f,10
0x41,0x80000181,1
0x41,0x80000182,0x2000001d
0x41,0x80000189,1
0x41,0x8000018c,1
0x41,0x800001f4,0x90000064
0x41,0x8000024f,2
0x42,0x80000132,2
0x42,0x80000179,72
0x42,0x8000017a,5
0x42,0x8000017b,25
0x42,0x8000017c,15
0x42,0x8000017d,10
0x42,0x8000017f,10
0x42,0x80000181,1
0x42,0x80000182,0x2000001d
0x42,0x80000188,1
0x42,0x80000189,1
0x42,0x800001f4,0x90000064
0x42,0x8000024f,2
0x43,0x80000179,72
0x43,0x8000017a,5
0x43,0x8000017b,25
0x43,0x8000017c,20
0x43,0x8000017d,5
0x43,0x8000017f,10
0x43,0x80000182,0x2000001d
0x43,0x8000024f,2
0x44,0x80000179,176
0x44,0x8000017a,11
0x44,0x8000017b,60
0x44,0x8000017c,30
0x44,0x8000017d,20
0x44,0x8000017f,10
0x44,0x80000182,0x2000001d
0x44,0x8000024f,2
0x45,0x80000132,2
0x45,0x80000179,136
0x45,0x8000017a,9
0x45,0x8000017b,30
0x45,0x8000017c,40
0x45,0x8000017d,20
0x45,0x8000017f,10
0x45,0x80000189,1
0x45,0x8000024f,2
0x46,0x80000132,2
0x46,0x80000179,40
0x46,0x8000017a,3
0x46,0x8000017b,10
0x46,0x8000017c,10
0x46,0x8000017d,10
0x46,0x8000017f,10
0x46,0x80000181,1
0x46,0x80000182,0x2000001e
0x46,0x80000185,1
0x46,0x80000188,1
0x46,0x80000189,1
0x46,0x80000198,0x90000062
0x46,0x800001f4,0x90000064
0x46,0x8000024f,2
0x47,0x80000128,99
0x47,0x80000132,0
0x47,0x80000179,288
0x47,0x8000017a,18
0x47,0x8000017b,50
0x47,0x8000017c,55
0x47,0x8000017d,75
0x47,0x8000017f,99
0x47,0x80000181,1
0x47,0x80000182,0x2000001e
0x47,0x80000185,1
0x47,0x80000189,1
0x47,0x80000196,0xa000000a
0x47,0x80000198,0x90000065
0x47,0x800001f1,0x90000053
0x47,0x800001f2,50
0x47,0x800001f4,0x90000064
0x47,0x80000202,7
0x47,0x80000204,5
0x47,0x8000024f,2
0x48,0x80000179,144
0x48,0x8000017a,9
0x48,0x8000017b,50
0x48,0x8000017c,25
0x48,0x8000017d,15
0x48,0x8000017f,10
0x48,0x80000181,1
0x48,0x80000182,0x2000001d
0x48,0x80000188,1
0x48,0x80000189,1
0x48,0x8000024f,2
0x49,0x80000179,176
0x49,0x8000017a,12
0x49,0x8000017b,10
0x49,0x8000017c,30
0x49,0x8000017d,70
0x49,0x8000017f,20
0x49,0x80000181,1
0x49,0x80000182,0x2000001e
0x49,0x80000189,1
0x49,0x80000198,0x90000065
0x49,0x800001f4,0x90000064
0x49,0x8000024f,2
0x4a,0x80000179,200
0x4a,0x8000017a,13
0x4a,0x8000017b,40
0x4a,0x8000017c,40
0x4a,0x8000017d,50
0x4a,0x8000017f,10
0x4a,0x80000181,1
0x4a,0x80000185,1
0x4a,0x80000189,1
0x4a,0x8000018a,1
0x4a,0x80000198,0x90000065
0x4a,0x8000024f,2
0x4b,0x80000128,99
0x4b,0x80000179,200
0x4b,0x8000017a,13
0x4b,0x8000017b,30
0x4b,0x8000017c,40
0x4b,0x8000017d,60
0x4b,0x8000017e,25
0x4b,0x8000017f,10
0x4b,0x80000181,1
0x4b,0x80000182,0x2000001d
0x4b,0x80000185,1
0x4b,0x80000189,1
0x4b,0x80000196,0xa0000076
0x4b,0x80000198,0x90000065
0x4b,0x800001f4,0x90000064
0x4b,0x80000202,15
0x4b,0x80000203,20
0x4b,0x8000024f,2
0x4c,0x80000070,1
0x4c,0x80000179,208
0x4c,0x8000017a,13
0x4c,0x8000017b,55
0x4c,0x8000017c,20
0x4c,0x8000017d,55
0x4c,0x8000017f,10
0x4c,0x80000189,1
0x4c,0x8000018d,1
0x4c,0x800001f4,0x90000066
0x4c,0x8000024f,2
0x4d,0x80000179,88
0x4d,0x8000017a,6
0x4d,0x8000017b,20
0x4d,0x8000017c,30
0x4d,0x8000017d,10
0x4d,0x8000017f,10
0x4d,0x80000181,1
0x4d,0x80000182,0x2000001e
0x4d,0x80000189,1
0x4d,0x80000198,0x90000062
0x4d,0x800001f4,0x90000064
0x4d,0x8000024f,2
0x4e,0x80000179,56
0x4e,0x8000017a,4
0x4e,0x8000017b,5
0x4e,0x8000017c,30
0x4e,0x8000017d,5
0x4e,0x8000017f,10
0x4e,0x80000181,1
0x4e,0x80000182,0x2000001d
0x4e,0x80000186,1
0x4e,0x80000189,1
0x4e,0x8000024f,2
0x4f,0x80000179,144
0x4f,0x8000017a,9
0x4f,0x8000017b,40
0x4f,0x8000017c,30
0x4f,0x8000017d,15
0x4f,0x8000017f,10
0x4f,0x80000181,1
0x4f,0x80000182,0x2000001d
0x4f,0x80000188,1
0x4f,0x80000189,1
0x4f,0x8000024f,2
0x50,0x80000179,32
0x50,0x8000017a,3
0x50,0x8000017b,5
0x50,0x8000017c,20
0x50,0x8000017d,5
0x50,0x8000017f,10
0x50,0x80000182,0x2000001d
0x50,0x8000024f,2
0x51,0x80000179,112
0x51,0x8000017a,7
0x51,0x8000017b,35
0x51,0x8000017c,25
0x51,0x8000017d,10
0x51,0x8000017f,10
0x51,0x8000024f,2
0x52,0x80000070,1
0x52,0x80000179,80
0x52,0x8000017a,6
0x52,0x8000017b,15
0x52,0x8000017c,30
0x52,0x8000017d,15
0x52,0x8000017f,10
0x52,0x80000181,1
0x52,0x80000188,1
0x52,0x80000189,1
0x52,0x80000198,0x90000058
0x52,0x8000024f,2
0x53,0x80000179,232
0x53,0x8000017a,15
0x53,0x8000017b,60
0x53,0x8000017c,50
0x53,0x8000017d,40
0x53,0x8000017f,10
0x53,0x8000018c,1
0x53,0x800001f1,0x90000075
0x53,0x800001f2,20
0x53,0x80000204,10
0x53,0x8000024f,2
0x54,0x80000179,56
0x54,0x8000017a,4
0x54,0x8000017b,20
0x54,0x8000017c,10
0x54,0x8000017d,10
0x54,0x8000017f,10
0x54,0x80000185,1
0x54,0x80000206,1
0x54,0x8000024f,2
0x55,0x80000179,32
0x55,0x8000017a,3
0x55,0x8000017b,10
0x55,0x8000017c,15
0x55,0x8000017d,5
0x55,0x8000017f,10
0x55,0x80000182,0x2000001d
0x55,0x8000024f,2
0x56,0x80000179,72
0x56,0x8000017a,5
0x56,0x8000017b,10
0x56,0x8000017c,30
0x56,0x8000017d,10
0x56,0x8000017f,10
0x56,0x80000181,1
0x56,0x80000182,0x2000001e
0x56,0x80000187,1
0x56,0x80000188,1
0x56,0x80000189,1
0x56,0x80000198,0x90000062
0x56,0x800001f4,0x90000064
0x56,0x8000024f,2
0x57,0x80000179,48
0x57,0x8000017a,4
0x57,0x8000017b,10
0x57,0x8000017c,20
0x57,0x8000017d,10
0x57,0x8000017f,10
0x57,0x80000182,0x2000001d
0x57,0x8000024f,2
0x58,0x80000128,99
0x58,0x80000179,248
0x58,0x8000017a,16
0x58,0x8000017b,50
0x58,0x8000017c,60
0x58,0x8000017d,50
0x58,0x8000017f,10
0x58,0x80000182,0x2000001d
0x58,0x80000185,1
0x58,0x800001f4,0x90000064
0x58,0x8000024f,2
0x59,0x80000179,64
0x59,0x8000017a,5
0x59,0x8000017b,15
0x59,0x8000017c,25
0x59,0x8000017d,10
0x59,0x8000017f,10
0x59,0x80000182,0x2000001d
0x59,0x8000024f,2
0x5a,0x80000179,256
0x5a,0x8000017a,16
0x5a,0x8000017b,50
0x5a,0x8000017c,55
0x5a,0x8000017d,55
0x5a,0x8000017f,10
0x5a,0x80000182,0x2000001d
0x5a,0x800001f4,0x90000064
0x5a,0x8000024f,2
0x5b,0x80000179,56
0x5b,0x8000017a,4
0x5b,0x8000017b,15
0x5b,0x8000017c,20
0x5b,0x8000017d,5
0x5b,0x8000017f,10
0x5b,0x80000181,1
0x5b,0x80000185,1
0x5b,0x80000189,1
0x5b,0x8000018a,1
0x5b,0x80000198,0x9000005a
0x5b,0x8000024f,2
0x5c,0x80000179,72
0x5c,0x8000017a,5
0x5c,0x8000017b,25
0x5c,0x8000017c,20
0x5c,0x8000017d,5
0x5c,0x8000017f,10
0x5c,0x80000182,0x2000001d
0x5c,0x8000024f,2
0x5d,0x80000132,2
0x5d,0x80000179,72
0x5d,0x8000017a,5
0x5d,0x8000017b,25
0x5d,0x8000017c,15
0x5d,0x8000017d,10
0x5d,0x8000017f,10
0x5d,0x80000181,1
0x5d,0x80000182,0x2000001d
0x5d,0x80000189,1
0x5d,0x800001f4,0x90000051
0x5d,0x8000024f,2
0x5e,0x80000179,96
0x5e,0x8000017a,6
0x5e,0x8000017b,15
0x5e,0x8000017c,30
0x5e,0x8000017d,15
0x5e,0x8000017f,10
0x5e,0x80000185,1
0x5e,0x8000018a,1
0x5e,0x8000018d,1
0x5e,0x80000205,1
0x5e,0x8000024f,2
0x5f,0x80000128,99
0x5f,0x80000179,256
0x5f,0x8000017a,16
0x5f,0x8000017b,40
0x5f,0x8000017c,45
0x5f,0x8000017d,75
0x5f,0x8000017f,10
0x5f,0x80000181,1
0x5f,0x80000182,0x2000001e
0x5f,0x80000185,1
0x5f,0x80000189,1
0x5f,0x80000196,0xa000002b
0x5f,0x80000198,0x9000004c
0x5f,0x800001f4,0x9000004d
0x5f,0x80000202,7
0x5f,0x80000203,20
0x60,0x80000179,224
0x60,0x8000017a,14
0x60,0x8000017b,40
0x60,0x8000017c,35
0x60,0x8000017d,65
0x60,0x8000017e,25
0x60,0x8000017f,10
0x60,0x80000181,1
0x60,0x80000182,0x2000001d
0x60,0x80000189,1
0x60,0x8000018c,1
0x60,0x80000196,0xa0000075
0x60,0x800001f4,0x90000050
0x60,0x80000202,15
0x60,0x80000203,20
0x60,0x8000024f,2
0x61,0x80000179,72
0x61,0x8000017a,5
0x61,0x8000017b,10
0x61,0x8000017c,30
0x61,0x8000017d,10
0x61,0x8000017f,10
0x61,0x80000181,1
0x61,0x80000182,0x2000001e
0x61,0x80000187,1
0x61,0x80000189,1
0x61,0x80000198,0x90000044
0x61,0x800001f4,0x90000051
0x61,0x8000024f,2
0x62,0x80000179,80
0x62,0x8000017a,6
0x62,0x8000017b,20
0x62,0x8000017c,20
0x62,0x8000017d,20
0x62,0x8000017f,10
0x62,0x80000181,1
0x62,0x80000182,0x2000001e
0x62,0x80000189,1
0x62,0x800001f4,0x90000051
0x63,0x80000128,99
0x63,0x80000132,0
0x63,0x80000179,320
0x63,0x8000017a,20
0x63,0x8000017b,45
0x63,0x8000017c,65
0x63,0x8000017d,90
0x63,0x8000017f,10
0x63,0x80000181,1
0x63,0x80000182,0x2000001e
0x63,0x80000185,1
0x63,0x80000189,1
0x63,0x80000196,0xa0000029
0x63,0x80000198,0x9000004c
0x63,0x800001f4,0x90000052
0x63,0x80000202,7
0x63,0x80000203,20
0x63,0x8000024f,2
0x64,0x80000179,112
0x64,0x8000017a,7
0x64,0x8000017b,40
0x64,0x8000017c,20
0x64,0x8000017d,10
0x64,0x8000017f,10
0x64,0x80000181,1
0x64,0x80000182,0x2000001e
0x64,0x80000189,1
0x64,0x80000198,0x90000045
0x64,0x800001f4,0x9000004e
0x65,0x80000179,184
0x65,0x8000017a,12
0x65,0x8000017b,25
0x65,0x8000017c,20
0x65,0x8000017d,75
0x65,0x8000017f,10
0x65,0x80000181,1
0x65,0x80000182,0x2000001e
0x65,0x80000189,1
0x65,0x80000198,0x90000065
0x65,0x800001f1,0x90000053
0x65,0x800001f2,20
0x65,0x80000204,10
0x65,0x8000024f,2
0x66,0x80000179,248
0x66,0x8000017a,16
0x66,0x8000017b,60
0x66,0x8000017c,45
0x66,0x8000017d,55
0x66,0x8000017f,10
0x66,0x80000182,0x2000001d
0x66,0x8000024f,2
0x67,0x80000179,48
0x67,0x8000017a,4
0x67,0x8000017b,10
0x67,0x8000017c,20
0x67,0x8000017d,10
0x67,0x8000017f,10
0x67,0x80000182,0x2000001d
0x67,0x8000024f,2
0x68,0x80000179,88
0x68,0x8000017a,6
0x68,0x8000017b,35
0x68,0x8000017c,15
0x68,0x8000017d,10
0x68,0x8000017f,10
0x68,0x80000181,1
0x68,0x80000185,1
0x68,0x80000189,1
0x68,0x8000018a,1
0x68,0x80000198,0x90000065
0x68,0x8000024f,2
0x69,0x80000179,208
0x69,0x8000017a,13
0x69,0x8000017b,70
0x69,0x8000017c,40
0x69,0x8000017d,20
0x69,0x8000017f,10
0x69,0x80000181,1
0x69,0x80000182,0x2000001e
0x69,0x80000185,1
0x69,0x80000189,1
0x69,0x80000198,0x90000046
0x69,0x800001f4,0x9000004e
0x69,0x80000248,1
0x6a,0x80000179,128
0x6a,0x8000017a,9
0x6a,0x8000017b,25
0x6a,0x8000017c,35
0x6a,0x8000017d,30
0x6a,0x8000017f,10
0x6a,0x80000181,1
0x6a,0x80000182,0x2000001e
0x6a,0x80000189,1
0x6a,0x80000198,0x90000044
0x6a,0x800001f4,0x90000051
0x6b,0x80000179,56
0x6b,0x8000017a,4
0x6b,0x8000017b,5
0x6b,0x8000017c,30
0x6b,0x8000017d,5
0x6b,0x8000017f,10
0x6b,0x80000181,1
0x6b,0x80000182,0x2000001d
0x6b,0x80000186,1
0x6b,0x80000189,1
0x6b,0x800001f4,0x90000051
0x6b,0x8000024f,2
0x6c,0x80000179,144
0x6c,0x8000017a,9
0x6c,0x8000017b,40
0x6c,0x8000017c,35
0x6c,0x8000017d,15
0x6c,0x8000017f,10
0x6c,0x8000024f,2
0x6d,0x80000128,60
0x6d,0x80000179,120
0x6d,0x8000017a,8
0x6d,0x8000017b,20
0x6d,0x8000017c,20
0x6d,0x8000017d,40
0x6d,0x8000017e,25
0x6d,0x8000017f,10
0x6d,0x80000181,1
0x6d,0x80000182,0x2000001e
0x6d,0x80000189,1
0x6d,0x80000196,0xa0000074
0x6d,0x80000198,0x90000043
0x6d,0x800001f4,0x9000004e
0x6d,0x80000202,15
0x6d,0x80000203,20
0x6e,0x80000179,160
0x6e,0x8000017a,10
0x6e,0x8000017b,25
0x6e,0x8000017c,40
0x6e,0x8000017d,35
0x6e,0x8000017e,25
0x6e,0x8000017f,10
0x6e,0x80000181,1
0x6e,0x80000182,0x2000001d
0x6e,0x80000189,1
0x6e,0x8000018c,1
0x6e,0x80000196,0xa0000074
0x6e,0x800001f4,0x9000001b
0x6e,0x80000202,15
0x6e,0x80000203,20
0x6e,0x8000024f,2
0x6f,0x80000179,256
0x6f,0x8000017a,13
0x6f,0x8000017b,60
0x6f,0x8000017c,40
0x6f,0x8000017d,30
0x6f,0x8000017f,10
0x6f,0x80000185,1
0x6f,0x80000189,1
0x6f,0x8000018d,1
0x6f,0x8000018e,1
0x6f,0x80000192,1
0x6f,0x80000194,1
0x6f,0x800001f1,0x90000073
0x6f,0x800001f2,20
0x6f,0x80000204,10
0x6f,0x8000024f,2
0x70,0x80000128,99
0x70,0x80000179,256
0x70,0x8000017a,16
0x70,0x8000017b,50
0x70,0x8000017c,50
0x70,0x8000017d,60
0x70,0x8000017e,20
0x70,0x8000017f,10
0x70,0x80000181,1
0x70,0x80000182,0x2000001d
0x70,0x80000189,1
0x70,0x8000018c,1
0x70,0x80000196,0xa0000073
0x70,0x80000198,0x90000045
0x70,0x800001f4,0x9000004e
0x70,0x80000202,10
0x70,0x8000024f,2
0x71,0x80000128,99
0x71,0x80000179,256
0x71,0x8000017a,16
0x71,0x8000017b,50
0x71,0x8000017c,50
0x71,0x8000017d,60
0x71,0x8000017e,25
0x71,0x80000181,1
0x71,0x80000182,0x2000001d
0x71,0x80000183,0x20000064
0x71,0x8000018c,1
0x71,0x80000196,0xa000006c
0x71,0x80000198,0x90000035
0x71,0x800001f2,20
0x71,0x800001f4,0x90000040
0x71,0x80000202,10
0x71,0x80000204,5
0x71,0x8000024f,2
0x72,0x80000179,176
0x72,0x8000017a,12
0x72,0x8000017b,10
0x72,0x8000017c,30
0x72,0x8000017d,80
0x72,0x8000017f,10
0x72,0x80000181,1
0x72,0x80000182,0x2000001e
0x72,0x80000189,1
0x72,0x80000196,0xa0000029
0x72,0x80000198,0x90000044
0x72,0x800001f4,0x90000051
0x72,0x80000202,10
0x72,0x80000203,20
0x72,0x8000024f,2
0x73,0x80000179,160
0x73,0x8000017a,10
0x73,0x8000017b,50
0x73,0x8000017c,40
0x73,0x8000017d,10
0x73,0x80000182,0x2000001d
0x73,0x8000018b,1
0x73,0x8000024f,2
0x74,0x80000179,136
0x74,0x8000017a,9
0x74,0x8000017b,30
0x74,0x8000017c,50
0x74,0x8000017d,10
0x74,0x80000181,1
0x74,0x80000182,0x2000001e
0x74,0x80000183,0x20000064
0x74,0x80000187,1
0x74,0x80000198,0x90000035
0x74,0x800001f4,0x9000003e
0x74,0x8000024f,2
0x75,0x80000128,60
0x75,0x80000179,120
0x75,0x8000017a,8
0x75,0x8000017b,20
0x75,0x8000017c,20
0x75,0x8000017d,40
0x75,0x8000017e,25
0x75,0x80000181,1
0x75,0x80000182,0x2000001e
0x75,0x80000183,0x20000064
0x75,0x80000196,0xa0000059
0x75,0x80000198,0x9000003a
0x75,0x800001f4,0x90000040
0x75,0x80000202,60
0x75,0x80000203,1
0x76,0x80000128,30
0x76,0x80000179,160
0x76,0x8000017a,10
0x76,0x8000017b,25
0x76,0x8000017c,40
0x76,0x8000017d,35
0x76,0x80000181,1
0x76,0x80000182,0x2000001d
0x76,0x80000183,0x20000064
0x76,0x8000018c,1
0x76,0x80000196,0xa000005a
0x76,0x800001f4,0x9000003f
0x76,0x80000202,10
0x76,0x80000203,20
0x76,0x8000024f,2
0x77,0x80000179,96
0x77,0x8000017a,7
0x77,0x8000017b,25
0x77,0x8000017c,35
0x77,0x8000017d,10
0x77,0x80000181,1
0x77,0x80000182,0x2000001e
0x77,0x80000183,0x20000064
0x77,0x80000187,1
0x77,0x80000198,0x9000003c
0x77,0x800001f4,0x9000003e
0x77,0x8000024f,2
0x78,0x80000128,99
0x78,0x80000179,224
0x78,0x8000017a,14
0x78,0x8000017b,40
0x78,0x8000017c,35
0x78,0x8000017d,65
0x78,0x8000017e,25
0x78,0x80000181,1
0x78,0x80000182,0x2000001d
0x78,0x80000183,0x20000064
0x78,0x8000018c,1
0x78,0x80000198,0x90000035
0x78,0x800001f2,20
0x78,0x800001f4,0x9000003f
0x78,0x80000204,5
0x78,0x8000024f,2
0x79,0x80000179,112
0x79,0x8000017a,7
0x79,0x8000017b,40
0x79,0x8000017c,20
0x79,0x8000017d,10
0x79,0x80000181,1
0x79,0x80000182,0x2000001e
0x79,0x80000183,0x20000064
0x79,0x80000198,0x90000010
0x79,0x800001f4,0x90000040
0x7a,0x80000179,240
0x7a,0x8000017a,15
0x7a,0x8000017b,60
0x7a,0x8000017c,45
0x7a,0x8000017d,45
0x7a,0x80000182,0x2000001d
0x7a,0x80000183,0x20000064
0x7a,0x8000018c,1
0x7a,0x80000196,0xa000005a
0x7a,0x800001f1,0x90000074
0x7a,0x800001f2,40
0x7a,0x800001f4,0x90000040
0x7a,0x80000202,10
0x7a,0x80000203,20
0x7a,0x80000204,10
0x7a,0x8000024f,2
0x7b,0x80000179,120
0x7b,0x8000017a,8
0x7b,0x8000017b,25
0x7b,0x8000017c,25
0x7b,0x8000017d,30
0x7b,0x80000181,1
0x7b,0x80000182,0x2000001d
0x7b,0x80000183,0x20000064
0x7b,0x8000018c,1
0x7b,0x800001f4,0x9000003f
0x7b,0x8000024f,2
0x7c,0x80000179,128
0x7c,0x8000017a,8
0x7c,0x8000017b,35
0x7c,0x8000017c,30
0x7c,0x8000017d,15
0x7c,0x80000181,1
0x7c,0x80000182,0x2000001d
0x7c,0x80000183,0x20000064
0x7c,0x80000198,0x9000003a
0x7c,0x8000024f,2
0x7d,0x80000179,88
0x7d,0x8000017a,6
0x7d,0x8000017b,30
0x7d,0x8000017c,20
0x7d,0x8000017d,10
0x7d,0x80000181,1
0x7d,0x80000183,0x20000064
0x7d,0x80000185,1
0x7d,0x8000018a,1
0x7d,0x8000024f,2
0x7e,0x80000179,40
0x7e,0x8000017a,3
0x7e,0x8000017b,10
0x7e,0x8000017c,15
0x7e,0x8000017d,5
0x7e,0x80000181,1
0x7e,0x80000182,0x2000001d
0x7e,0x80000183,0x20000064
0x7e,0x8000024f,2
0x7f,0x80000179,96
0x7f,0x8000017a,6
0x7f,0x8000017b,30
0x7f,0x8000017c,20
0x7f,0x8000017d,10
0x7f,0x80000181,1
0x7f,0x80000182,0x2000001d
0x7f,0x80000183,0x20000064
0x7f,0x8000024f,2
0x80,0x80000179,208
0x80,0x8000017a,13
0x80,0x8000017b,70
0x80,0x8000017c,40
0x80,0x8000017d,20
0x80,0x80000181,1
0x80,0x80000182,0x2000001e
0x80,0x80000185,1
0x80,0x80000198,0x90000039
0x80,0x800001f4,0x90000040
0x80,0x80000248,1
0x81,0x80000179,160
0x81,0x8000017a,10
0x81,0x8000017b,35
0x81,0x8000017c,35
0x81,0x8000017d,30
0x81,0x80000182,0x2000001d
0x81,0x80000195,1
0x81,0x80000197,120
0x82,0x80000179,128
0x82,0x8000017a,9
0x82,0x8000017b,25
0x82,0x8000017c,35
0x82,0x8000017d,30
0x82,0x80000181,1
0x82,0x80000182,0x2000001e
0x82,0x80000183,0x20000064
0x82,0x80000198,0x9000003c
0x82,0x800001f4,0x9000003e
0x83,0x80000179,168
0x83,0x8000017a,11
0x83,0x8000017b,40
0x83,0x8000017c,35
0x83,0x8000017d,35
0x83,0x80000182,0x2000001d
0x83,0x80000183,0x20000064
0x83,0x8000018c,1
0x83,0x80000196,0xa000005a
0x83,0x800001f4,0x90000040
0x83,0x80000202,10
0x83,0x80000203,20
0x83,0x8000024f,2
0x84,0x80000128,99
0x84,0x80000132,0
0x84,0x80000179,256
0x84,0x8000017a,16
0x84,0x8000017b,40
0x84,0x8000017c,45
0x84,0x8000017d,75
0x84,0x8000017e,25
0x84,0x80000181,1
0x84,0x80000182,0x2000001e
0x84,0x80000183,0x20000064
0x84,0x80000185,1
0x84,0x80000196,0xa0000058
0x84,0x80000198,0x9000002f
0x84,0x800001f4,0x90000041
0x84,0x80000202,7
0x84,0x80000203,20
0x85,0x80000128,30
0x85,0x80000179,192
0x85,0x8000017a,12
0x85,0x8000017b,30
0x85,0x8000017c,50
0x85,0x8000017d,40
0x85,0x80000181,1
0x85,0x80000182,0x2000001d
0x85,0x80000183,0x20000064
0x85,0x8000018c,1
0x85,0x80000196,0xa000005a
0x85,0x800001f4,0x9000003f
0x85,0x80000202,10
0x85,0x80000203,20
0x85,0x8000024f,2
0x86,0x80000179,176
0x86,0x8000017a,11
0x86,0x8000017b,50
0x86,0x8000017c,40
0x86,0x8000017d,25
0x86,0x8000018b,1
0x86,0x8000018f,1
0x86,0x80000196,0xa000005a
0x86,0x80000202,10
0x86,0x80000203,20
0x86,0x8000024f,2
0x87,0x80000132,2
0x87,0x80000179,72
0x87,0x8000017a,5
0x87,0x8000017b,25
0x87,0x8000017c,15
0x87,0x8000017d,10
0x87,0x80000181,1
0x87,0x80000182,0x2000001d
0x87,0x80000183,0x20000064
0x87,0x800001f4,0x9000003e
0x87,0x8000024f,2
0x88,0x80000070,1
0x88,0x80000179,208
0x88,0x8000017a,13
0x88,0x8000017b,55
0x88,0x8000017c,20
0x88,0x8000017d,55
0x88,0x8000018d,1
0x88,0x800001f4,0x90000040
0x88,0x8000024f,2
0x89,0x80000128,99
0x89,0x80000132,2
0x89,0x80000179,192
0x89,0x8000017a,12
0x89,0x8000017b,30
0x89,0x8000017c,40
0x89,0x8000017d,50
0x89,0x8000017e,25
0x89,0x80000181,1
0x89,0x80000182,0x2000001d
0x89,0x80000183,0x20000064
0x89,0x8000018c,1
0x89,0x80000198,0x90000035
0x89,0x800001f2,20
0x89,0x80000204,5
0x89,0x8000024f,2
0x8a,0x80000179,128
0x8a,0x8000017a,8
0x8a,0x8000017b,40
0x8a,0x8000017c,30
0x8a,0x8000017d,10
0x8a,0x80000182,0x2000001d
0x8a,0x8000024f,2
0x8b,0x80000179,256
0x8b,0x8000017a,13
0x8b,0x8000017b,60
0x8b,0x8000017c,40
0x8b,0x8000017d,30
0x8b,0x80000185,1
0x8b,0x8000018d,1
0x8b,0x8000018e,1
0x8b,0x80000192,1
0x8b,0x80000194,1
0x8b,0x800001f1,0x90000072
0x8b,0x800001f2,20
0x8b,0x80000204,10
0x8b,0x8000024f,2
0x8c,0x80000179,80
0x8c,0x8000017a,6
0x8c,0x8000017b,20
0x8c,0x8000017c,20
0x8c,0x8000017d,20
0x8c,0x80000181,1
0x8c,0x80000182,0x2000001e
0x8c,0x80000183,0x20000064
0x8c,0x800001f4,0x9000003e
0x8d,0x80000179,112
0x8d,0x8000017a,7
0x8d,0x8000017b,35
0x8d,0x8000017c,25
0x8d,0x8000017d,10
0x8d,0x80000181,1
0x8d,0x80000182,0x2000001d
0x8d,0x80000183,0x20000064
0x8d,0x80000198,0x90000034
0x8d,0x800001f4,0x9000003f
0x8d,0x8000024f,2
0x8e,0x80000179,160
0x8e,0x8000017a,10
0x8e,0x8000017b,45
0x8e,0x8000017c,40
0x8e,0x8000017d,15
0x8e,0x80000181,1
0x8e,0x80000182,0x2000001d
0x8e,0x80000183,0x20000064
0x8e,0x80000198,0x90000035
0x8e,0x800001f4,0x90000040
0x8e,0x8000024f,2
0x8f,0x80000179,192
0x8f,0x8000017a,10
0x8f,0x8000017b,60
0x8f,0x8000017c,50
0x8f,0x8000017d,10
0x8f,0x80000182,0x2000001d
0x8f,0x8000018b,1
0x8f,0x8000024f,2
0x90,0x80000179,56
0x90,0x8000017a,4
0x90,0x8000017b,15
0x90,0x8000017c,20
0x90,0x8000017d,5
0x90,0x80000181,1
0x90,0x80000183,0x20000064
0x90,0x80000185,1
0x90,0x8000018a,1
0x90,0x8000024f,2
0x91,0x80000179,144
0x91,0x8000017a,9
0x91,0x8000017b,40
0x91,0x8000017c,35
0x91,0x8000017d,15
0x91,0x800001f1,0x90000074
0x91,0x800001f2,20
0x91,0x80000204,10
0x91,0x8000024f,2
0x92,0x80000179,72
0x92,0x8000017a,5
0x92,0x8000017b,10
0x92,0x8000017c,30
0x92,0x8000017d,10
0x92,0x80000181,1
0x92,0x80000182,0x2000001e
0x92,0x80000183,0x20000064
0x92,0x80000187,1
0x92,0x80000198,0x9000003c
0x92,0x800001f4,0x9000003e
0x92,0x8000024f,2
0x93,0x80000179,128
0x93,0x8000017a,2
0x93,0x8000017b,10
0x93,0x8000017c,5
0x93,0x8000017d,5
0x93,0x800001f4,0x9000003f
0x93,0x8000024f,2
0x94,0x80000179,192
0x94,0x8000017a,3
0x94,0x8000017b,20
0x94,0x8000017c,5
0x94,0x8000017d,5
0x94,0x800001f4,0x90000040
0x94,0x8000024f,2
0x95,0x80000179,208
0x95,0x8000017a,13
0x95,0x8000017b,50
0x95,0x8000017c,40
0x95,0x8000017d,40
0x95,0x80000182,0x2000001d
0x95,0x80000183,0x20000064
0x95,0x8000018b,1
0x95,0x8000018c,1
0x95,0x80000196,0xa000005a
0x95,0x800001f4,0x90000040
0x95,0x80000202,10
0x95,0x80000203,20
0x95,0x80000204,10
0x95,0x8000024f,2
0x96,0x80000179,72
0x96,0x8000017a,5
0x96,0x8000017b,20
0x96,0x8000017c,25
0x96,0x8000017d,5
0x96,0x80000181,1
0x96,0x80000183,0x20000064
0x96,0x80000185,1
0x96,0x8000018a,1
0x96,0x8000024f,2
0x97,0x80000179,176
0x97,0x8000017a,12
0x97,0x8000017b,10
0x97,0x8000017c,30
0x97,0x8000017d,80
0x97,0x80000181,1
0x97,0x80000182,0x2000001e
0x97,0x80000183,0x20000064
0x97,0x80000196,0xa000005a
0x97,0x80000198,0x9000003c
0x97,0x800001f4,0x9000003e
0x97,0x80000202,10
0x97,0x80000203,20
0x98,0x80000179,128
0x98,0x8000017a,9
0x98,0x8000017b,25
0x98,0x8000017c,35
0x98,0x8000017d,30
0x98,0x8000017f,10
0x98,0x80000181,1
0x98,0x80000182,0x2000001e
0x98,0x80000189,1
0x98,0x80000198,0x90000062
0x98,0x800001f4,0x90000064
0x99,0x80000179,80
0x99,0x8000017a,6
0x99,0x8000017b,20
0x99,0x8000017c,20
0x99,0x8000017d,20
0x99,0x8000017f,10
0x99,0x80000181,1
0x99,0x80000182,0x2000001e
0x99,0x80000189,1
0x9a,0x80000179,128
0x9a,0x8000017a,9
0x9a,0x8000017b,10
0x9a,0x8000017c,30
0x9a,0x8000017d,50
0x9a,0x8000017f,10
0x9a,0x80000181,1
0x9a,0x80000182,0x2000001e
0x9a,0x80000189,1
0x9b,0x80000128,99
0x9b,0x80000179,256
0x9b,0x8000017a,16
0x9b,0x8000017b,40
0x9b,0x8000017c,45
0x9b,0x8000017d,75
0x9b,0x8000017f,10
0x9b,0x80000181,1
0x9b,0x80000182,0x2000001e
0x9b,0x80000185,1
0x9b,0x80000189,1
0x9b,0x80000196,0xa0000011
0x9b,0x80000198,0x90000065
0x9b,0x800001f1,0x90000054
0x9b,0x800001f2,50
0x9b,0x800001f4,0x90000055
0x9b,0x80000202,7
0x9b,0x80000204,5
0x9c,0x80000179,208
0x9c,0x8000017a,13
0x9c,0x8000017b,70
0x9c,0x8000017c,40
0x9c,0x8000017d,20
0x9c,0x8000017f,10
0x9c,0x80000181,1
0x9c,0x80000182,0x2000001e
0x9c,0x80000185,1
0x9c,0x80000189,1
0x9c,0x80000198,0x9000005e
0x9c,0x800001f4,0x90000066
0x9c,0x80000248,1
0x9d,0x80000070,1
0x9d,0x80000132,2
0x9d,0x80000179,96
0x9d,0x8000017a,6
0x9d,0x8000017b,30
0x9d,0x8000017c,20
0x9d,0x8000017d,10
0x9d,0x8000017f,10
0x9d,0x80000181,1
0x9d,0x80000185,1
0x9d,0x80000188,1
0x9d,0x80000189,1
0x9d,0x80000198,0x90000062
0x9d,0x8000024f,2
0x9e,0x80000132,2
0x9e,0x80000179,128
0x9e,0x8000017a,9
0x9e,0x8000017b,35
0x9e,0x8000017c,30
0x9e,0x8000017d,25
0x9e,0x8000017f,10
0x9e,0x80000181,1
0x9e,0x80000182,0x2000001e
0x9e,0x80000189,1
0x9e,0x80000198,0x9000005b
0x9e,0x800001f1,0x90000058
0x9e,0x800001f2,20
0x9e,0x800001f4,0x90000057
0x9e,0x80000204,10
0x9f,0x80000179,128
0x9f,0x8000017a,9
0x9f,0x8000017b,10
0x9f,0x8000017c,50
0x9f,0x8000017d,30
0x9f,0x8000017f,10
0x9f,0x80000181,1
0x9f,0x80000182,0x2000001e
0x9f,0x80000189,1
0x9f,0x80000198,0x90000062
0xa0,0x80000179,80
0xa0,0x8000017a,7
0xa0,0x8000017b,20
0xa0,0x8000017c,30
0xa0,0x8000017d,20
0xa0,0x8000017f,10
0xa0,0x80000181,1
0xa0,0x80000182,0x2000001e
0xa0,0x80000189,1
0xa0,0x80000198,0x90000062
0xa0,0x800001f4,0x90000064
0xa1,0x80000179,128
0xa1,0x8000017a,9
0xa1,0x8000017b,30
0xa1,0x8000017c,30
0xa1,0x8000017d,30
0xa1,0x8000017f,10
0xa1,0x80000181,1
0xa1,0x80000182,0x2000001e
0xa1,0x80000189,1
0xa1,0x80000198,0x90000062
0xa1,0x800001f4,0x90000064
0xa2,0x80000179,160
0xa2,0x8000017a,10
0xa2,0x8000017b,35
0xa2,0x8000017c,35
0xa2,0x8000017d,30
0xa2,0x8000017f,10
0xa2,0x80000182,0x2000001d
0xa2,0x80000195,1
0xa2,0x80000197,120
0xa3,0x80000132,2
0xa3,0x80000179,128
0xa3,0x8000017a,9
0xa3,0x8000017b,35
0xa3,0x8000017c,30
0xa3,0x8000017d,25
0xa3,0x80000181,1
0xa3,0x80000182,0x2000001e
0xa3,0x80000183,0x20000064
0xa3,0x80000198,0x90000035
0xa3,0x800001f1,0x90000036
0xa3,0x800001f2,20
0xa3,0x800001f4,0x90000042
0xa3,0x80000204,10
0xa4,0x80000179,56
0xa4,0x8000017a,4
0xa4,0x8000017b,5
0xa4,0x8000017c,30
0xa4,0x8000017d,5
0xa4,0x80000181,1
0xa4,0x80000182,0x2000001d
0xa4,0x80000183,0x20000064
0xa4,0x80000186,1
0xa4,0x800001f4,0x9000003e
0xa4,0x8000024f,2
0xa5,0x80000128,50
0xa5,0x80000179,176
0xa5,0x8000017a,12
0xa5,0x8000017b,10
0xa5,0x8000017c,30
0xa5,0x8000017d,80
0xa5,0x8000017f,10
0xa5,0x80000181,1
0xa5,0x80000182,0x2000001e
0xa5,0x80000189,1
0xa5,0x80000198,0x90000053
0xa5,0x800001f4,0x90000051
0xa5,0x8000024f,2
0xa6,0x80000179,112
0xa6,0x8000017a,7
0xa6,0x8000017b,40
0xa6,0x8000017c,20
0xa6,0x8000017d,10
0xa6,0x8000017f,10
0xa6,0x80000181,1
0xa6,0x80000182,0x2000001e
0xa6,0x80000188,1
0xa6,0x80000189,1
0xa6,0x80000198,0x9000005b
0xa6,0x800001f4,0x90000057
0xa7,0x80000128,50
0xa7,0x80000179,120
0xa7,0x8000017a,8
0xa7,0x8000017b,20
0xa7,0x8000017c,20
0xa7,0x8000017d,40
0xa7,0x8000017e,25
0xa7,0x8000017f,10
0xa7,0x80000181,1
0xa7,0x80000182,0x2000001e
0xa7,0x80000189,1
0xa7,0x80000196,0xa0000021
0xa7,0x80000198,0x9000005d
0xa7,0x800001f4,0x90000057
0xa7,0x80000202,15
0xac,0x80000132,2
0xac,0x80000179,256
0xac,0x8000017a,25
0xac,0x8000017b,80
0xac,0x8000017c,90
0xac,0x8000017d,50
0xac,0x8000017f,10
0xac,0x80000198,0x90000063
0xac,0x8000024f,2
0xad,0x80000128,99
0xad,0x80000132,3
0xad,0x80000179,288
0xad,0x8000017a,18
0xad,0x8000017b,50
0xad,0x8000017c,60
0xad,0x8000017d,70
0xad,0x8000017e,25
0xad,0x80000181,1
0xad,0x80000185,1
0xad,0x80000196,0xa0000058
0xad,0x80000198,0x9000002f
0xad,0x800001f4,0x90000041
0xad,0x80000202,7
0xad,0x80000203,20
