Map,Data1,Data2,Data3,Data4,Data5,Data6,Data7,Data8
0x305,0x309,0x309,0x309,0x309,0x309,0x309,0x309,0x309
0x5000000a,0x9000001a,0x9000001b,0x9000001c,0xffffffff,0xffffffff,0xffffffff,0xffffffff,0xffffffff
0x5000000b,0x9000001c,0x9000001d,0x9000001e,0x9000001f,0xffffffff,0xffffffff,0xffffffff,0xffffffff
0x50000010,0x9000001a,0x9000001c,0x9000001e,0xffffffff,0xffffffff,0xffffffff,0xffffffff,0xffffffff
0x50000006,0x9000001a,0x9000001b,0x9000001c,0xffffffff,0xffffffff,0xffffffff,0xffffffff,0xffffffff
0x50000008,0x9000001a,0x9000001b,0xffffffff,0xffffffff,0xffffffff,0xffffffff,0xffffffff,0xffffffff
0x50000136,0x9000003e,0x9000003f,0x90000042,0x90000040,0xffffffff,0xffffffff,0xffffffff,0xffffffff
0x5000013f,0x9000003e,0x9000003f,0x90000042,0x90000040,0x90000047,0x9000003d,0xffffffff,0xffffffff
0x50000138,0x9000003e,0x9000003f,0x90000042,0x90000040,0xffffffff,0xffffffff,0xffffffff,0xffffffff
0x50000137,0x9000003e,0x9000003f,0x90000042,0x90000040,0xffffffff,0xffffffff,0xffffffff,0xffffffff
0x5000013b,0x9000003e,0x9000003f,0x90000042,0x90000040,0xffffffff,0xffffffff,0xffffffff,0xffffffff
0x50000141,0x9000003e,0x9000003f,0x90000042,0x90000040,0xffffffff,0xffffffff,0xffffffff,0xffffffff
0x50000077,0x90000051,0x90000050,0x9000004f,0x9000004e,0x9000004d,0x90000052,0xffffffff,0xffffffff
0x5000007d,0x90000051,0x90000050,0x9000004f,0x9000004e,0x9000004d,0x90000052,0xffffffff,0xffffffff
0x5000008c,0x90000051,0x90000050,0x9000004f,0x9000004e,0x9000004d,0x90000052,0xffffffff,0xffffffff
0x50000089,0x90000051,0x90000050,0x9000004f,0x9000004e,0x9000004d,0x90000052,0xffffffff,0xffffffff
0x50000079,0x90000051,0x90000050,0x9000004f,0x9000004e,0x9000004d,0x90000052,0xffffffff,0xffffffff
0x50000074,0x90000064,0x90000057,0x90000066,0x9000005c,0x90000055,0xffffffff,0xffffffff,0xffffffff
0x50000073,0x90000064,0x90000057,0x90000066,0x9000005c,0x90000055,0xffffffff,0xffffffff,0xffffffff
0x50000075,0x90000064,0x90000057,0x90000066,0x9000005c,0x90000055,0xffffffff,0xffffffff,0xffffffff
0x50000071,0x90000064,0x90000057,0x90000066,0x9000005c,0x90000055,0xffffffff,0xffffffff,0xffffffff
0x5000006f,0x90000064,0x90000057,0x90000066,0x9000005c,0x90000055,0xffffffff,0xffffffff,0xffffffff
0x50000076,0x90000064,0x90000057,0x90000066,0x9000005c,0x90000055,0xffffffff,0xffffffff,0xffffffff
