0x50000000,0x8000007a,4
0x50000000,0x8000012c,0
0x50000000,0x800001db,1
0x50000000,0x8fff0003,1
0x50000001,0x8000007a,4
0x50000001,0x8000012c,4
0x50000001,0x8000012d,0x50000002
0x50000001,0x800001a7,0x2000653
0x50000001,0x800001a8,0x2000654
0x50000002,0x8000007a,4
0x50000002,0x8000012c,4
0x50000002,0x8000012d,0x50000002
0x50000003,0x8000007a,4
0x50000003,0x8000012c,3
0x50000003,0x8000012d,0x50000011
0x50000003,0x800001a7,0x200064a
0x50000003,0x800001a8,0x200064b
0x50000004,0x8000007a,4
0x50000004,0x8000012c,3
0x50000004,0x8000012d,0x50000011
0x50000004,0x800001a7,0x2000655
0x50000004,0x800001a8,0x2000656
0x50000005,0x8000007a,4
0x50000005,0x8000012c,3
0x50000005,0x8000012d,0x50000011
0x50000005,0x800001a7,0x2000660
0x50000005,0x800001a8,0x2000661
0x50000006,0x8000007a,4
0x50000006,0x8000012c,2
0x50000006,0x8000012d,0x50000002
0x50000006,0x80000199,0x200069f
0x50000006,0x8000019a,0x20006a0
0x50000006,0x800001bc,0x20006e0
0x50000006,0x800001bd,0x20006e1
0x50000006,0x800001c6,0x2000605
0x50000006,0x800001c7,0x2000606
0x50000006,0x800001d0,0x20006c3
0x50000006,0x800001d1,0x20006c4
0x50000006,0x800001d2,0x20006c5
0x50000006,0x800001d3,4
0x50000006,0x800001d4,2
0x50000006,0x800001d5,0x100138e
0x50000006,0x800001d6,0x100138f
0x50000006,0x8000021e,0x2000623
0x50000006,0x8000021f,0x2000624
0x50000007,0x8000007a,4
0x50000007,0x8000012c,2
0x50000007,0x8000012d,0x50000002
0x50000007,0x800001a7,0x200063f
0x50000007,0x800001a8,0x2000640
0x50000008,0x8000007a,4
0x50000008,0x8000012c,2
0x50000008,0x8000012d,0x50000002
0x50000008,0x80000199,0x20006a9
0x50000008,0x8000019a,0x20006aa
0x50000008,0x800001a3,0x2000694
0x50000008,0x800001a4,0x2000695
0x50000008,0x800001a5,30
0x50000008,0x800001a6,25
0x50000008,0x800001c6,0x2000618
0x50000008,0x800001c7,0x2000619
0x50000008,0x800001d0,0x20006d0
0x50000008,0x800001d1,0x20006d1
0x50000008,0x800001d2,0x20006d2
0x50000008,0x800001d3,2
0x50000008,0x800001d4,2
0x50000008,0x800001d5,0x1001390
0x50000008,0x800001d6,0x1001391
0x50000008,0x800001d7,0x20006ba
0x50000008,0x800001d8,0x20006bb
0x50000008,0x800001d9,700
0x50000009,0x8000007a,4
0x50000009,0x8000012c,2
0x50000009,0x8000012d,0x50000002
0x50000009,0x800001ad,0x2000687
0x50000009,0x800001ae,0x2000689
0x50000009,0x800001bb,20
0x50000009,0x800001bc,0x2000706
0x50000009,0x800001bd,0x2000707
0x50000009,0x800001d0,0x20006da
0x50000009,0x800001d1,0x20006db
0x50000009,0x800001d2,0x20006dc
0x50000009,0x800001d3,2
0x50000009,0x800001d4,2
0x50000009,0x800001d5,0x1001392
0x50000009,0x800001d6,0x1001393
0x50000009,0x8000021e,0x2000635
0x50000009,0x8000021f,0x2000636
0x5000000a,0x8000007a,4
0x5000000a,0x8000012c,2
0x5000000a,0x8000012d,0x50000002
0x5000000a,0x800001a3,0x200068a
0x5000000a,0x800001a4,0x200068b
0x5000000a,0x800001a5,40
0x5000000a,0x800001a6,25
0x5000000a,0x800001a7,0x2000638
0x5000000a,0x800001a8,0x2000639
0x5000000a,0x800001ad,0x2000667
0x5000000a,0x800001ae,0x2000669
0x5000000a,0x800001bb,15
0x5000000a,0x800001bc,0x20006de
0x5000000a,0x800001bd,0x20006df
0x5000000a,0x800001c6,0x2000603
0x5000000a,0x800001c7,0x2000604
0x5000000a,0x800001d0,0x20006c0
0x5000000a,0x800001d1,0x20006c1
0x5000000a,0x800001d2,0x20006c2
0x5000000a,0x800001d3,4
0x5000000a,0x800001d4,2
0x5000000a,0x800001d5,0x1001388
0x5000000a,0x800001d6,0x1001389
0x5000000b,0x8000007a,4
0x5000000b,0x8000012c,2
0x5000000b,0x8000012d,0x50000011
0x5000000b,0x800001a7,0x2000651
0x5000000b,0x800001a8,0x2000652
0x5000000b,0x800001ad,0x2000672
0x5000000b,0x800001ae,0x2000674
0x5000000b,0x800001bb,15
0x5000000b,0x800001bc,0x20006f9
0x5000000b,0x800001bd,0x20006fa
0x5000000b,0x800001c6,0x2000616
0x5000000b,0x800001c7,0x2000617
0x5000000b,0x800001d0,0x20006cb
0x5000000b,0x800001d1,0x20006cc
0x5000000b,0x800001d2,0x20006cd
0x5000000b,0x800001d3,2
0x5000000b,0x800001d4,2
0x5000000b,0x800001d5,0x100138a
0x5000000b,0x800001d6,0x100138b
0x5000000c,0x8000007a,4
0x5000000c,0x8000012c,2
0x5000000d,0x8000007a,4
0x5000000d,0x8000012c,2
0x5000000d,0x8000012d,0x50000002
0x5000000d,0x800001ad,0x2000676
0x5000000d,0x800001ae,0x2000678
0x5000000d,0x800001bb,10
0x5000000d,0x800001bc,0x20006fb
0x5000000d,0x800001bd,0x20006fc
0x5000000e,0x8000007a,4
0x5000000e,0x8000012c,2
0x5000000e,0x8000012d,0x50000011
0x5000000e,0x80000199,0x20006a7
0x5000000e,0x8000019a,0x20006a8
0x5000000e,0x800001a3,0x2000692
0x5000000e,0x800001a4,0x2000693
0x5000000e,0x800001a5,25
0x5000000e,0x800001a6,25
0x5000000e,0x800001a7,0x2000657
0x5000000e,0x800001a8,0x2000658
0x5000000e,0x800001ad,0x2000679
0x5000000e,0x800001ae,0x200067b
0x5000000e,0x800001bb,15
0x5000000f,0x8000007a,4
0x5000000f,0x8000012c,2
0x5000000f,0x8000012d,0x50000011
0x5000000f,0x80000199,0x20006b2
0x5000000f,0x8000019a,0x20006b3
0x5000000f,0x800001a3,0x200069a
0x5000000f,0x800001a4,0x200069b
0x5000000f,0x800001a5,20
0x5000000f,0x800001a6,25
0x5000000f,0x800001a7,0x2000662
0x5000000f,0x800001a8,0x2000663
0x5000000f,0x800001ad,0x2000681
0x5000000f,0x800001ae,0x2000683
0x5000000f,0x800001bb,20
0x50000010,0x8000007a,4
0x50000010,0x8000012c,2
0x50000010,0x8000012d,0x50000002
0x50000010,0x800001ad,0x2000684
0x50000010,0x800001ae,0x2000686
0x50000010,0x800001bb,15
0x50000010,0x800001bc,0x2000704
0x50000010,0x800001bd,0x2000705
0x50000010,0x800001c6,0x2000621
0x50000010,0x800001c7,0x2000622
0x50000010,0x800001d0,0x20006d7
0x50000010,0x800001d1,0x20006d8
0x50000010,0x800001d2,0x20006d9
0x50000010,0x800001d3,3
0x50000010,0x800001d4,2
0x50000010,0x800001d5,0x100138c
0x50000010,0x800001d6,0x100138d
0x50000011,0x8000007a,4
0x50000011,0x8000012c,2
0x50000011,0x8000012d,0x50000011
0x50000011,0x800001a3,0x200069d
0x50000011,0x800001a4,0x200069e
0x50000011,0x800001a5,35
0x50000011,0x800001a6,25
0x50000011,0x800001a7,0x2000665
0x50000011,0x800001a8,0x2000666
0x50000012,0x8000007a,4
0x50000012,0x8000012c,5
0x50000012,0x8000021b,0
0x50000013,0x8000007a,4
0x50000013,0x8000012c,5
0x50000013,0x8000021b,1
0x50000014,0x8000007a,4
0x50000014,0x8000012c,5
0x50000014,0x8000021b,2
0x50000015,0x8000007a,4
0x50000015,0x8000012c,5
0x50000015,0x8000021b,3
0x50000016,0x8000007a,4
0x50000016,0x8000012c,5
0x50000016,0x8000021b,4
0x50000017,0x8000007a,4
0x50000017,0x8000012c,5
0x50000017,0x8000021b,5
0x50000018,0x8000007a,4
0x50000018,0x8000012c,5
0x50000018,0x8000021b,6
0x50000019,0x8000007a,4
0x50000019,0x8000012c,5
0x50000019,0x8000021b,7
0x5000001a,0x8000007a,4
0x5000001a,0x8000012c,6
0x5000001a,0x8000012f,0x5000001b
0x5000001a,0x80000130,1
0x5000001b,0x8000007a,4
0x5000001b,0x8000012c,6
0x5000001b,0x8000012e,0x5000001a
0x5000001b,0x8000012f,0x5000001c
0x5000001b,0x80000130,2
0x5000001c,0x8000007a,4
0x5000001c,0x8000012c,6
0x5000001c,0x8000012e,0x5000001b
0x5000001c,0x8000012f,0x5000001d
0x5000001c,0x80000130,3
0x5000001d,0x8000007a,4
0x5000001d,0x8000012c,6
0x5000001d,0x8000012e,0x5000001c
0x5000001d,0x8000012f,0x5000001e
0x5000001d,0x80000130,4
0x5000001e,0x8000007a,4
0x5000001e,0x8000012c,6
0x5000001e,0x8000012e,0x5000001d
0x5000001e,0x8000012f,0x5000001f
0x5000001e,0x80000130,5
0x5000001f,0x8000007a,4
0x5000001f,0x8000012c,6
0x5000001f,0x8000012e,0x5000001e
0x5000001f,0x80000130,6
0x50000020,0x8000007a,4
0x50000020,0x8000012c,6
0x50000020,0x8000012e,0x5000001f
0x50000020,0x8000012f,0x50000021
0x50000020,0x80000130,7
0x50000021,0x8000007a,4
0x50000021,0x8000012c,6
0x50000021,0x8000012e,0x50000020
0x50000021,0x80000130,8
0x50000022,0x8000007a,4
0x50000022,0x8000012c,6
0x50000022,0x8000012f,0x50000023
0x50000022,0x80000130,1
0x50000023,0x8000007a,4
0x50000023,0x8000012c,6
0x50000023,0x8000012e,0x50000022
0x50000023,0x8000012f,0x50000024
0x50000023,0x80000130,2
0x50000024,0x8000007a,4
0x50000024,0x8000012c,6
0x50000024,0x8000012e,0x50000023
0x50000024,0x8000012f,0x50000025
0x50000024,0x80000130,3
0x50000025,0x8000007a,4
0x50000025,0x8000012c,6
0x50000025,0x8000012e,0x50000024
0x50000025,0x8000012f,0x50000026
0x50000025,0x80000130,4
0x50000026,0x8000007a,4
0x50000026,0x8000012c,6
0x50000026,0x8000012e,0x50000025
0x50000026,0x8000012f,0x50000027
0x50000026,0x80000130,5
0x50000027,0x8000007a,4
0x50000027,0x8000012c,6
0x50000027,0x8000012e,0x50000026
0x50000027,0x8000012f,0x50000028
0x50000027,0x80000130,6
0x50000028,0x8000007a,4
0x50000028,0x8000012c,6
0x50000028,0x8000012e,0x50000027
0x50000028,0x8000012f,0x50000029
0x50000028,0x80000130,7
0x50000029,0x8000007a,4
0x50000029,0x8000012c,6
0x50000029,0x8000012e,0x50000028
0x50000029,0x80000130,8
0x5000002a,0x8000007a,4
0x5000002a,0x8000012c,6
0x5000002a,0x8000012f,0x5000002b
0x5000002a,0x80000130,1
0x5000002b,0x8000007a,4
0x5000002b,0x8000012c,6
0x5000002b,0x8000012e,0x5000002a
0x5000002b,0x8000012f,0x5000002c
0x5000002b,0x80000130,2
0x5000002c,0x8000007a,4
0x5000002c,0x8000012c,6
0x5000002c,0x8000012e,0x5000002b
0x5000002c,0x8000012f,0x5000002d
0x5000002c,0x80000130,3
0x5000002d,0x8000007a,4
0x5000002d,0x8000012c,6
0x5000002d,0x8000012e,0x5000002c
0x5000002d,0x8000012f,0x5000002e
0x5000002d,0x80000130,4
0x5000002e,0x8000007a,4
0x5000002e,0x8000012c,6
0x5000002e,0x8000012e,0x5000002d
0x5000002e,0x8000012f,0x5000002f
0x5000002e,0x80000130,5
0x5000002f,0x8000007a,4
0x5000002f,0x8000012c,6
0x5000002f,0x8000012e,0x5000002e
0x5000002f,0x8000012f,0x50000030
0x5000002f,0x80000130,6
0x50000030,0x8000007a,4
0x50000030,0x8000012c,6
0x50000030,0x8000012e,0x5000002f
0x50000030,0x8000012f,0x50000031
0x50000030,0x80000130,7
0x50000031,0x8000007a,4
0x50000031,0x8000012c,6
0x50000031,0x8000012e,0x50000030
0x50000031,0x80000130,8
0x50000032,0x8000007a,4
0x50000032,0x8000012c,6
0x50000032,0x8000012f,0x50000033
0x50000032,0x80000130,1
0x50000033,0x8000007a,4
0x50000033,0x8000012c,6
0x50000033,0x8000012e,0x50000032
0x50000033,0x8000012f,0x50000034
0x50000033,0x80000130,2
0x50000034,0x8000007a,4
0x50000034,0x8000012c,6
0x50000034,0x8000012e,0x50000033
0x50000034,0x8000012f,0x50000035
0x50000034,0x80000130,3
0x50000035,0x8000007a,4
0x50000035,0x8000012c,6
0x50000035,0x8000012e,0x50000034
0x50000035,0x8000012f,0x50000036
0x50000035,0x80000130,4
0x50000036,0x8000007a,4
0x50000036,0x8000012c,6
0x50000036,0x8000012e,0x50000035
0x50000036,0x8000012f,0x50000037
0x50000036,0x80000130,5
0x50000037,0x8000007a,4
0x50000037,0x8000012c,6
0x50000037,0x8000012e,0x50000036
0x50000037,0x8000012f,0x50000038
0x50000037,0x80000130,6
0x50000038,0x8000007a,4
0x50000038,0x8000012c,6
0x50000038,0x8000012e,0x50000037
0x50000038,0x8000012f,0x50000039
0x50000038,0x80000130,7
0x50000039,0x8000007a,4
0x50000039,0x8000012c,6
0x50000039,0x8000012e,0x50000038
0x50000039,0x80000130,8
0x5000003a,0x8000007a,4
0x5000003a,0x8000012c,6
0x5000003a,0x8000012f,0x5000003b
0x5000003a,0x80000130,1
0x5000003b,0x8000007a,4
0x5000003b,0x8000012c,6
0x5000003b,0x8000012e,0x5000003a
0x5000003b,0x8000012f,0x5000003c
0x5000003b,0x80000130,2
0x5000003c,0x8000007a,4
0x5000003c,0x8000012c,6
0x5000003c,0x8000012e,0x5000003b
0x5000003c,0x8000012f,0x5000003d
0x5000003c,0x80000130,3
0x5000003d,0x8000007a,4
0x5000003d,0x8000012c,6
0x5000003d,0x8000012e,0x5000003c
0x5000003d,0x8000012f,0x5000003e
0x5000003d,0x80000130,4
0x5000003e,0x8000007a,4
0x5000003e,0x8000012c,6
0x5000003e,0x8000012e,0x5000003d
0x5000003e,0x8000012f,0x5000003f
0x5000003e,0x80000130,5
0x5000003f,0x8000007a,4
0x5000003f,0x8000012c,6
0x5000003f,0x8000012e,0x5000003e
0x5000003f,0x8000012f,0x50000040
0x5000003f,0x80000130,6
0x50000040,0x8000007a,4
0x50000040,0x8000012c,6
0x50000040,0x8000012e,0x5000003f
0x50000040,0x8000012f,0x50000041
0x50000040,0x80000130,7
0x50000041,0x8000007a,4
0x50000041,0x8000012c,6
0x50000041,0x8000012e,0x50000040
0x50000041,0x80000130,8
0x50000042,0x8000007a,4
0x50000042,0x8000012c,6
0x50000042,0x8000012f,0x50000043
0x50000042,0x80000130,1
0x50000043,0x8000007a,4
0x50000043,0x8000012c,6
0x50000043,0x8000012e,0x50000042
0x50000043,0x8000012f,0x50000044
0x50000043,0x80000130,2
0x50000044,0x8000007a,4
0x50000044,0x8000012c,6
0x50000044,0x8000012e,0x50000043
0x50000044,0x8000012f,0x50000045
0x50000044,0x80000130,3
0x50000045,0x8000007a,4
0x50000045,0x8000012c,6
0x50000045,0x8000012e,0x50000044
0x50000045,0x8000012f,0x50000046
0x50000045,0x80000130,4
0x50000046,0x8000007a,4
0x50000046,0x8000012c,6
0x50000046,0x8000012e,0x50000045
0x50000046,0x8000012f,0x50000047
0x50000046,0x80000130,5
0x50000047,0x8000007a,4
0x50000047,0x8000012c,6
0x50000047,0x8000012e,0x50000046
0x50000047,0x8000012f,0x50000048
0x50000047,0x80000130,6
0x50000048,0x8000007a,4
0x50000048,0x8000012c,6
0x50000048,0x8000012e,0x50000047
0x50000048,0x8000012f,0x50000049
0x50000048,0x80000130,7
0x50000049,0x8000007a,4
0x50000049,0x8000012c,6
0x50000049,0x8000012e,0x50000048
0x50000049,0x80000130,8
0x5000004a,0x8000007a,4
0x5000004a,0x8000012c,8
0x5000004a,0x80000130,1
0x5000004a,0x80000208,1
0x5000004a,0x80000209,1
0x5000004a,0x8000020a,1
0x5000004b,0x8000007a,4
0x5000004b,0x8000012c,8
0x5000004b,0x8000012e,0x5000004a
0x5000004b,0x8000012f,0x5000004c
0x5000004b,0x80000130,2
0x5000004b,0x80000208,1
0x5000004b,0x80000209,1
0x5000004b,0x8000020a,1
0x5000004c,0x8000007a,4
0x5000004c,0x8000012c,8
0x5000004c,0x8000012e,0x5000004b
0x5000004c,0x80000130,3
0x5000004c,0x80000208,1
0x5000004c,0x80000209,1
0x5000004c,0x8000020a,1
0x5000004d,0x8000007a,4
0x5000004d,0x8000012c,8
0x5000004d,0x8000012e,0x5000004c
0x5000004d,0x80000130,4
0x5000004d,0x80000208,1
0x5000004d,0x80000209,1
0x5000004d,0x8000020a,1
0x5000004e,0x8000007a,4
0x5000004e,0x8000012c,8
0x5000004e,0x8000012e,0x5000004d
0x5000004e,0x80000130,5
0x5000004e,0x80000208,1
0x5000004e,0x80000209,1
0x5000004e,0x8000020a,1
0x5000004f,0x8000007a,4
0x5000004f,0x8000012c,8
0x5000004f,0x8000012e,0x5000004e
0x5000004f,0x80000130,6
0x5000004f,0x80000208,1
0x5000004f,0x80000209,1
0x5000004f,0x8000020a,1
0x50000050,0x8000007a,4
0x50000050,0x8000012c,8
0x50000050,0x8000012e,0x5000004f
0x50000050,0x80000130,7
0x50000050,0x80000208,1
0x50000050,0x80000209,1
0x50000050,0x8000020a,1
0x50000051,0x8000007a,4
0x50000051,0x8000012c,8
0x50000051,0x8000012e,0x50000050
0x50000051,0x80000130,8
0x50000051,0x80000208,1
0x50000051,0x80000209,1
0x50000051,0x8000020a,1
0x50000052,0x8000007a,4
0x50000052,0x8000012c,6
0x50000052,0x8000012f,0x50000053
0x50000052,0x80000130,1
0x50000053,0x8000007a,4
0x50000053,0x8000012c,6
0x50000053,0x8000012e,0x50000052
0x50000053,0x8000012f,0x50000054
0x50000053,0x80000130,2
0x50000054,0x8000007a,4
0x50000054,0x8000012c,6
0x50000054,0x8000012e,0x50000053
0x50000054,0x8000012f,0x50000055
0x50000054,0x80000130,3
0x50000055,0x8000007a,4
0x50000055,0x8000012c,6
0x50000055,0x8000012e,0x50000054
0x50000055,0x8000012f,0x50000056
0x50000055,0x80000130,4
0x50000056,0x8000007a,4
0x50000056,0x8000012c,6
0x50000056,0x8000012e,0x50000055
0x50000056,0x8000012f,0x50000057
0x50000056,0x80000130,5
0x50000057,0x8000007a,4
0x50000057,0x8000012c,6
0x50000057,0x8000012e,0x50000056
0x50000057,0x8000012f,0x50000058
0x50000057,0x80000130,6
0x50000058,0x8000007a,4
0x50000058,0x8000012c,6
0x50000058,0x8000012e,0x50000057
0x50000058,0x8000012f,0x50000059
0x50000058,0x80000130,7
0x50000059,0x8000007a,4
0x50000059,0x8000012c,6
0x50000059,0x8000012e,0x50000058
0x50000059,0x80000130,8
0x5000005a,0x8000007a,4
0x5000005a,0x8000012c,7
0x5000005b,0x8000007a,4
0x5000005b,0x8000012c,7
0x5000005c,0x8000007a,4
0x5000005c,0x8000012c,7
0x5000005d,0x8000007a,4
0x5000005d,0x8000012c,13
0x5000005e,0x8000007a,4
0x5000005e,0x8000012c,13
0x5000005f,0x8000007a,4
0x5000005f,0x8000012c,13
0x50000060,0x8000007a,4
0x50000060,0x8000012c,13
0x5000006a,0x8000007a,1
0x5000006a,0x8000012c,0
0x5000006a,0x800001db,1
0x5000006a,0x8fff0003,1
0x5000006b,0x8000007a,3
0x5000006b,0x8000012c,0
0x5000006b,0x800001db,1
0x5000006b,0x8fff0003,1
0x5000006c,0x8000007a,2
0x5000006c,0x8000012c,4
0x5000006c,0x8000012d,0x5000006c
0x5000006d,0x8000007a,1
0x5000006d,0x8000012c,4
0x5000006d,0x8000012d,0x5000006d
0x5000006d,0x80000133,1
0x5000006d,0x8000016e,33
0x5000006d,0x8000016f,6
0x5000006d,0x8000026b,4
0x5000006d,0x80000272,0x600001dd
0x5000006e,0x8000007a,1
0x5000006e,0x8000012c,4
0x5000006e,0x8000012d,0x5000006e
0x5000006e,0x80000133,1
0x5000006e,0x8000026b,3
0x5000006e,0x80000272,0x600001d9
0x5000006f,0x8000007a,1
0x5000006f,0x8000012c,2
0x5000006f,0x8000012d,0x50000193
0x5000006f,0x80000133,1
0x5000006f,0x800001a3,0x20002a1
0x5000006f,0x800001a4,0x200029f
0x5000006f,0x800001a5,4
0x5000006f,0x800001a6,10
0x5000006f,0x800001bc,0x20002b5
0x5000006f,0x800001bd,0x200029f
0x5000006f,0x800001c6,0x2000294
0x5000006f,0x800001c7,0x200029f
0x5000006f,0x800001d0,0x20002aa
0x5000006f,0x800001d1,0x2000299
0x5000006f,0x8000023d,0x200029a
0x5000006f,0x80000246,0x20002b1
0x5000006f,0x80000272,0x600001dc
0x50000070,0x8000007a,1
0x50000070,0x8000012c,2
0x50000070,0x8000012d,0x50000196
0x50000070,0x80000133,1
0x50000070,0x800001a3,0x20002a6
0x50000070,0x800001a4,0x200029f
0x50000070,0x800001a5,4
0x50000070,0x800001a6,10
0x50000070,0x800001bc,0x20002bb
0x50000070,0x800001bd,0x200029f
0x50000070,0x800001d0,0x20002af
0x50000070,0x800001d1,0x2000299
0x50000070,0x80000272,0x600001da
0x50000071,0x8000007a,1
0x50000071,0x8000012c,2
0x50000071,0x8000012d,0x5000006e
0x50000071,0x80000133,1
0x50000071,0x800001a3,0x20002a3
0x50000071,0x800001a4,0x200029f
0x50000071,0x800001a5,4
0x50000071,0x800001a6,10
0x50000071,0x800001bc,0x20002b7
0x50000071,0x800001bd,0x200029f
0x50000071,0x800001c6,0x2000296
0x50000071,0x800001c7,0x200029f
0x50000071,0x800001d0,0x20002ac
0x50000071,0x800001d1,0x2000299
0x50000071,0x8000023d,0x200029c
0x50000071,0x80000272,0x600001d9
0x50000072,0x8000007a,1
0x50000072,0x8000012c,2
0x50000072,0x8000012d,0x50000192
0x50000072,0x80000133,1
0x50000072,0x800001a3,0x20002a5
0x50000072,0x800001a4,0x200029f
0x50000072,0x800001a5,4
0x50000072,0x800001a6,10
0x50000072,0x800001bc,0x20002ba
0x50000072,0x800001bd,0x200029f
0x50000072,0x80000272,0x600001dc
0x50000073,0x8000007a,1
0x50000073,0x8000012c,2
0x50000073,0x8000012d,0x5000018e
0x50000073,0x80000133,1
0x50000073,0x800001bc,0x20002b4
0x50000073,0x800001bd,0x200029f
0x50000073,0x800001c6,0x2000293
0x50000073,0x800001c7,0x200029f
0x50000073,0x800001d0,0x20002a9
0x50000073,0x800001d1,0x2000299
0x50000073,0x80000246,0x20002b0
0x50000073,0x80000272,0x600001d9
0x50000074,0x8000007a,1
0x50000074,0x8000012c,2
0x50000074,0x80000133,1
0x50000074,0x800001a3,0x20002a4
0x50000074,0x800001a4,0x200029f
0x50000074,0x800001a5,4
0x50000074,0x800001a6,10
0x50000074,0x800001bc,0x20002b8
0x50000074,0x800001bd,0x200029f
0x50000074,0x800001c6,0x2000297
0x50000074,0x800001c7,0x200029f
0x50000074,0x800001d0,0x20002ad
0x50000074,0x800001d1,0x2000299
0x50000074,0x8000023d,0x200029d
0x50000074,0x80000246,0x20002b3
0x50000074,0x80000272,0x600001dd
0x50000075,0x8000007a,1
0x50000075,0x8000012c,2
0x50000075,0x8000012d,0x50000190
0x50000075,0x80000133,1
0x50000075,0x800001a3,0x20002a2
0x50000075,0x800001a4,0x200029f
0x50000075,0x800001a5,4
0x50000075,0x800001a6,10
0x50000075,0x800001bc,0x20002b6
0x50000075,0x800001bd,0x200029f
0x50000075,0x800001c6,0x2000295
0x50000075,0x800001c7,0x200029f
0x50000075,0x800001d0,0x20002ab
0x50000075,0x800001d1,0x2000299
0x50000075,0x8000023d,0x200029b
0x50000075,0x80000246,0x20002b2
0x50000075,0x80000272,0x600001da
0x50000076,0x8000007a,1
0x50000076,0x8000012c,2
0x50000076,0x8000012d,0x50000195
0x50000076,0x80000133,1
0x50000076,0x800001bc,0x20002b9
0x50000076,0x800001bd,0x200029f
0x50000076,0x800001c6,0x2000298
0x50000076,0x800001c7,0x200029f
0x50000076,0x800001d0,0x20002ae
0x50000076,0x800001d1,0x2000299
0x50000076,0x8000023d,0x200029e
0x50000076,0x80000272,0x600001dd
0x50000077,0x8000007a,2
0x50000077,0x8000012c,2
0x50000077,0x8000012d,0x5000006c
0x50000077,0x800001bc,0x20003e4
0x50000077,0x800001bd,0x200029f
0x50000077,0x800001c6,0x20003b9
0x50000077,0x800001c7,0x200029f
0x50000077,0x800001d0,0x20003df
0x50000077,0x800001d1,0x2000299
0x50000077,0x800001d7,0x20003da
0x50000077,0x800001d8,0x200029f
0x50000077,0x800001d9,84
0x50000079,0x8000007a,2
0x50000079,0x8000012c,2
0x50000079,0x800001bc,0x20003e8
0x50000079,0x800001bd,0x200029f
0x50000079,0x800001c6,0x20003bd
0x50000079,0x800001c7,0x200029f
0x50000079,0x800001d0,0x20003e3
0x50000079,0x800001d1,0x2000299
0x50000079,0x800001d7,0x20003de
0x50000079,0x800001d8,0x200029f
0x50000079,0x800001d9,84
0x5000007a,0x8000007a,2
0x5000007a,0x8000012c,1
0x5000007a,0x800001a3,0x20003d9
0x5000007a,0x800001a4,0x200029f
0x5000007a,0x800001a5,52
0x5000007a,0x800001a6,100
0x5000007b,0x8000007a,2
0x5000007b,0x8000012c,0
0x5000007b,0x800001db,1
0x5000007b,0x8000022b,4
0x5000007b,0x8fff0003,1
0x5000007c,0x8000007a,2
0x5000007c,0x8000012c,1
0x5000007c,0x800001a3,0x20003d5
0x5000007c,0x800001a4,0x200029f
0x5000007c,0x800001a5,52
0x5000007c,0x800001a6,100
0x5000007d,0x8000007a,2
0x5000007d,0x8000012c,2
0x5000007d,0x8000012d,0x5000008f
0x5000007d,0x800001bc,0x20003e5
0x5000007d,0x800001bd,0x200029f
0x5000007d,0x800001c6,0x20003ba
0x5000007d,0x800001c7,0x200029f
0x5000007d,0x800001d0,0x20003e0
0x5000007d,0x800001d1,0x2000299
0x5000007d,0x800001d7,0x20003db
0x5000007d,0x800001d8,0x200029f
0x5000007d,0x800001d9,84
0x5000007e,0x8000007a,2
0x5000007e,0x8000012c,1
0x5000007e,0x800001a3,0x20003d6
0x5000007e,0x800001a4,0x200029f
0x5000007e,0x800001a5,52
0x5000007e,0x800001a6,100
0x5000007f,0x8000007a,2
0x5000007f,0x8000012c,0
0x5000007f,0x8000022a,0x50000327
0x5000007f,0x8fff0003,1
0x50000080,0x8000007a,2
0x50000080,0x8000012c,0
0x50000080,0x800001db,1
0x50000080,0x8000022b,2
0x50000080,0x8fff0003,1
0x50000081,0x8000007a,2
0x50000081,0x8000012c,4
0x50000081,0x8000012d,0x50000081
0x50000082,0x8000007a,2
0x50000082,0x8000012c,0
0x50000082,0x8000022a,0x5000032a
0x50000082,0x8fff0003,1
0x50000083,0x8000007a,2
0x50000083,0x8000012c,4
0x50000084,0x8000007a,2
0x50000084,0x8000012c,1
0x50000085,0x8000007a,2
0x50000085,0x8000012c,0
0x50000085,0x8000022a,0x5000032e
0x50000085,0x8fff0003,1
0x50000086,0x8000007a,2
0x50000086,0x8000012c,0
0x50000086,0x8000022a,0x5000032b
0x50000086,0x8fff0003,1
0x50000087,0x8000007a,2
0x50000087,0x8000012c,0
0x50000087,0x8000022a,0x50000328
0x50000087,0x8fff0003,1
0x50000088,0x8000007a,2
0x50000088,0x8000012c,0
0x50000088,0x800001db,1
0x50000088,0x8000022b,1
0x50000088,0x8fff0003,1
0x50000089,0x8000007a,2
0x50000089,0x8000012c,2
0x50000089,0x8000012d,0x50000081
0x50000089,0x800001bc,0x20003e7
0x50000089,0x800001bd,0x200029f
0x50000089,0x800001c6,0x20003bc
0x50000089,0x800001c7,0x200029f
0x50000089,0x800001d0,0x20003e2
0x50000089,0x800001d1,0x2000299
0x50000089,0x800001d7,0x20003dd
0x50000089,0x800001d8,0x200029f
0x50000089,0x800001d9,84
0x5000008a,0x8000007a,2
0x5000008a,0x8000012c,0
0x5000008a,0x8000022a,0x5000032d
0x5000008a,0x8fff0003,1
0x5000008b,0x8000007a,2
0x5000008b,0x8000012c,0
0x5000008b,0x8000022a,0x50000329
0x5000008b,0x8fff0003,1
0x5000008c,0x8000007a,2
0x5000008c,0x8000012c,2
0x5000008c,0x800001bc,0x20003e6
0x5000008c,0x800001bd,0x200029f
0x5000008c,0x800001c6,0x20003bb
0x5000008c,0x800001c7,0x200029f
0x5000008c,0x800001d0,0x20003e1
0x5000008c,0x800001d1,0x2000299
0x5000008c,0x800001d7,0x20003dc
0x5000008c,0x800001d8,0x200029f
0x5000008c,0x800001d9,84
0x5000008d,0x8000007a,2
0x5000008d,0x8000012c,0
0x5000008d,0x8000022a,0x5000032c
0x5000008d,0x8fff0003,1
0x5000008e,0x8000007a,2
0x5000008e,0x8000012c,1
0x5000008e,0x8000012d,0x5000008f
0x5000008e,0x800001a3,0x20003d4
0x5000008e,0x800001a4,0x200029f
0x5000008e,0x800001a5,52
0x5000008e,0x800001a6,100
0x5000008f,0x8000007a,2
0x5000008f,0x8000012c,4
0x5000008f,0x8000012d,0x5000008f
0x5000008f,0x8000016e,31
0x5000008f,0x8000016f,15
0x50000090,0x8000007a,2
0x50000090,0x8000012c,0
0x50000090,0x800001db,1
0x50000090,0x8000022a,0x50000326
0x50000090,0x8000022b,3
0x50000090,0x8fff0003,1
0x50000091,0x8000007a,2
0x50000091,0x8000012c,0
0x50000091,0x800001db,1
0x50000091,0x8000022b,0
0x50000091,0x8fff0003,1
0x50000092,0x8000007a,2
0x50000092,0x8000012c,0
0x50000092,0x8000022a,0x50000325
0x50000092,0x8fff0003,1
0x50000093,0x8000007a,2
0x50000093,0x8000012c,2
0x50000093,0x800001a3,0x20003d7
0x50000093,0x800001a4,0x200029f
0x50000093,0x800001a5,52
0x50000093,0x800001a6,100
0x50000094,0x8000007a,2
0x50000094,0x8000012c,1
0x50000094,0x800001a3,0x20003d8
0x50000094,0x800001a4,0x200029f
0x50000094,0x800001a5,52
0x50000094,0x800001a6,100
0x50000095,0x8000007a,2
0x50000095,0x8000012c,1
0x50000095,0x8000012d,0x5000006c
0x50000095,0x800001a3,0x20003d3
0x50000095,0x800001a4,0x200029f
0x50000095,0x800001a5,52
0x50000095,0x800001a6,100
0x50000096,0x8000007a,2
0x50000096,0x8000012c,6
0x50000096,0x8000012f,0x50000097
0x50000096,0x80000130,1
0x50000097,0x8000007a,2
0x50000097,0x8000012c,6
0x50000097,0x8000012e,0x50000096
0x50000097,0x8000012f,0x50000098
0x50000097,0x80000130,2
0x50000098,0x8000007a,2
0x50000098,0x8000012c,6
0x50000098,0x8000012e,0x50000097
0x50000098,0x8000012f,0x50000099
0x50000098,0x80000130,3
0x50000099,0x8000007a,2
0x50000099,0x8000012c,6
0x50000099,0x8000012e,0x50000098
0x50000099,0x8000012f,0x5000009a
0x50000099,0x80000130,4
0x5000009a,0x8000007a,2
0x5000009a,0x8000012c,6
0x5000009a,0x8000012e,0x50000099
0x5000009a,0x8000012f,0x5000009b
0x5000009a,0x80000130,5
0x5000009b,0x8000007a,2
0x5000009b,0x8000012c,6
0x5000009b,0x8000012e,0x5000009a
0x5000009b,0x8000012f,0x5000009c
0x5000009b,0x80000130,6
0x5000009c,0x8000007a,2
0x5000009c,0x8000012c,6
0x5000009c,0x8000012e,0x5000009b
0x5000009c,0x8000012f,0x5000009d
0x5000009c,0x80000130,7
0x5000009d,0x8000007a,2
0x5000009d,0x8000012c,6
0x5000009d,0x8000012e,0x5000009c
0x5000009d,0x8000012f,0x5000009e
0x5000009d,0x80000130,8
0x5000009e,0x8000007a,2
0x5000009e,0x8000012c,6
0x5000009e,0x8000012e,0x5000009d
0x5000009e,0x8000012f,0x5000009f
0x5000009e,0x80000130,9
0x5000009f,0x8000007a,2
0x5000009f,0x8000012c,6
0x5000009f,0x8000012e,0x5000009e
0x5000009f,0x8000012f,0x500000a0
0x5000009f,0x80000130,10
0x500000a0,0x8000007a,2
0x500000a0,0x8000012c,6
0x500000a0,0x8000012e,0x5000009f
0x500000a0,0x8000012f,0x500000a1
0x500000a0,0x80000130,11
0x500000a1,0x8000007a,2
0x500000a1,0x8000012c,6
0x500000a1,0x8000012e,0x500000a0
0x500000a1,0x8000012f,0x500000a2
0x500000a1,0x80000130,12
0x500000a2,0x8000007a,2
0x500000a2,0x8000012c,6
0x500000a2,0x8000012e,0x500000a1
0x500000a2,0x8000012f,0x500000a3
0x500000a2,0x80000130,13
0x500000a3,0x8000007a,2
0x500000a3,0x8000012c,6
0x500000a3,0x8000012e,0x500000a2
0x500000a3,0x8000012f,0x500000a4
0x500000a3,0x80000130,14
0x500000a4,0x8000007a,2
0x500000a4,0x8000012c,6
0x500000a4,0x8000012e,0x500000a3
0x500000a4,0x8000012f,0x500000a5
0x500000a4,0x80000130,15
0x500000a5,0x8000007a,2
0x500000a5,0x8000012c,6
0x500000a5,0x8000012e,0x500000a4
0x500000a5,0x80000130,16
0x500000a6,0x8000007a,2
0x500000a6,0x8000012c,9
0x500000a6,0x8000012e,0x500000a7
0x500000a6,0x80000130,1
0x500000a7,0x8000007a,2
0x500000a7,0x8000012c,9
0x500000a7,0x8000012e,0x500000a8
0x500000a7,0x80000130,2
0x500000a8,0x8000007a,2
0x500000a8,0x8000012c,9
0x500000a8,0x8000012e,0x500000a9
0x500000a8,0x80000130,3
0x500000a9,0x8000007a,2
0x500000a9,0x8000012c,9
0x500000a9,0x8000012e,0x500000aa
0x500000a9,0x8000012f,0x500000a8
0x500000a9,0x80000130,4
0x500000aa,0x8000007a,2
0x500000aa,0x8000012c,9
0x500000aa,0x8000012e,0x500000ab
0x500000aa,0x80000130,5
0x500000ab,0x8000007a,2
0x500000ab,0x8000012c,9
0x500000ab,0x8000012e,0x500000ac
0x500000ab,0x80000130,6
0x500000ac,0x8000007a,2
0x500000ac,0x8000012c,9
0x500000ac,0x8000012e,0x500000ad
0x500000ac,0x80000130,7
0x500000ad,0x8000007a,2
0x500000ad,0x8000012c,9
0x500000ad,0x8000012e,0x500000ae
0x500000ad,0x80000130,8
0x500000ae,0x8000007a,2
0x500000ae,0x8000012c,9
0x500000ae,0x8000012e,0x500000af
0x500000ae,0x8000012f,0x500000ad
0x500000ae,0x80000130,9
0x500000af,0x8000007a,2
0x500000af,0x8000012c,9
0x500000af,0x8000012e,0x500000b0
0x500000af,0x8000012f,0x500000ae
0x500000af,0x80000130,10
0x500000b0,0x8000007a,2
0x500000b0,0x8000012c,9
0x500000b0,0x8000012e,0x500000b1
0x500000b0,0x80000130,11
0x500000b1,0x8000007a,2
0x500000b1,0x8000012c,9
0x500000b1,0x8000012e,0x500000b2
0x500000b1,0x8000012f,0x500000b0
0x500000b1,0x80000130,12
0x500000b2,0x8000007a,2
0x500000b2,0x8000012c,9
0x500000b2,0x8000012e,0x500000b3
0x500000b2,0x8000012f,0x500000b1
0x500000b2,0x80000130,13
0x500000b3,0x8000007a,2
0x500000b3,0x8000012c,9
0x500000b3,0x8000012e,0x500000b4
0x500000b3,0x80000130,14
0x500000b4,0x8000007a,2
0x500000b4,0x8000012c,9
0x500000b4,0x8000012e,0x500000b5
0x500000b4,0x8000012f,0x500000b3
0x500000b4,0x80000130,15
0x500000b5,0x8000007a,2
0x500000b5,0x8000012c,9
0x500000b5,0x8000012f,0x500000b4
0x500000b5,0x80000130,16
0x500000b6,0x8000007a,2
0x500000b6,0x8000012c,6
0x500000b6,0x8000012f,0x500000b7
0x500000b6,0x80000130,1
0x500000b7,0x8000007a,2
0x500000b7,0x8000012c,6
0x500000b7,0x8000012e,0x500000b6
0x500000b7,0x8000012f,0x500000b8
0x500000b7,0x80000130,2
0x500000b8,0x8000007a,2
0x500000b8,0x8000012c,6
0x500000b8,0x8000012e,0x500000b7
0x500000b8,0x8000012f,0x500000b9
0x500000b8,0x80000130,3
0x500000b9,0x8000007a,2
0x500000b9,0x8000012c,6
0x500000b9,0x8000012e,0x500000b8
0x500000b9,0x8000012f,0x500000ba
0x500000b9,0x80000130,4
0x500000ba,0x8000007a,2
0x500000ba,0x8000012c,6
0x500000ba,0x8000012e,0x500000b9
0x500000ba,0x8000012f,0x500000bb
0x500000ba,0x80000130,5
0x500000bb,0x8000007a,2
0x500000bb,0x8000012c,6
0x500000bb,0x8000012e,0x500000ba
0x500000bb,0x8000012f,0x500000bc
0x500000bb,0x80000130,6
0x500000bc,0x8000007a,2
0x500000bc,0x8000012c,6
0x500000bc,0x8000012e,0x500000bb
0x500000bc,0x8000012f,0x500000bd
0x500000bc,0x80000130,7
0x500000bd,0x8000007a,2
0x500000bd,0x8000012c,6
0x500000bd,0x8000012e,0x500000bc
0x500000bd,0x8000012f,0x500000be
0x500000bd,0x80000130,8
0x500000be,0x8000007a,2
0x500000be,0x8000012c,6
0x500000be,0x8000012e,0x500000bd
0x500000be,0x8000012f,0x500000bf
0x500000be,0x80000130,9
0x500000bf,0x8000007a,2
0x500000bf,0x8000012c,6
0x500000bf,0x8000012e,0x500000be
0x500000bf,0x8000012f,0x500000c0
0x500000bf,0x80000130,10
0x500000c0,0x8000007a,2
0x500000c0,0x8000012c,6
0x500000c0,0x8000012e,0x500000bf
0x500000c0,0x8000012f,0x500000c1
0x500000c0,0x80000130,11
0x500000c1,0x8000007a,2
0x500000c1,0x8000012c,6
0x500000c1,0x8000012e,0x500000c0
0x500000c1,0x8000012f,0x500000c2
0x500000c1,0x80000130,12
0x500000c2,0x8000007a,2
0x500000c2,0x8000012c,6
0x500000c2,0x8000012e,0x500000c1
0x500000c2,0x8000012f,0x500000c3
0x500000c2,0x80000130,13
0x500000c3,0x8000007a,2
0x500000c3,0x8000012c,6
0x500000c3,0x8000012e,0x500000c2
0x500000c3,0x8000012f,0x500000c4
0x500000c3,0x80000130,14
0x500000c4,0x8000007a,2
0x500000c4,0x8000012c,6
0x500000c4,0x8000012e,0x500000c3
0x500000c4,0x8000012f,0x500000c5
0x500000c4,0x80000130,15
0x500000c5,0x8000007a,2
0x500000c5,0x8000012c,6
0x500000c5,0x8000012e,0x500000c4
0x500000c5,0x80000130,16
0x500000c6,0x8000007a,2
0x500000c6,0x8000012c,6
0x500000c6,0x8000012f,0x500000c7
0x500000c6,0x80000130,1
0x500000c7,0x8000007a,2
0x500000c7,0x8000012c,6
0x500000c7,0x8000012e,0x500000c6
0x500000c7,0x8000012f,0x500000c8
0x500000c7,0x80000130,2
0x500000c8,0x8000007a,2
0x500000c8,0x8000012c,6
0x500000c8,0x8000012e,0x500000c7
0x500000c8,0x8000012f,0x500000c9
0x500000c8,0x80000130,3
0x500000c9,0x8000007a,2
0x500000c9,0x8000012c,6
0x500000c9,0x8000012e,0x500000c8
0x500000c9,0x8000012f,0x500000ca
0x500000c9,0x80000130,4
0x500000ca,0x8000007a,2
0x500000ca,0x8000012c,6
0x500000ca,0x8000012e,0x500000c9
0x500000ca,0x8000012f,0x500000cb
0x500000ca,0x80000130,5
0x500000cb,0x8000007a,2
0x500000cb,0x8000012c,6
0x500000cb,0x8000012e,0x500000ca
0x500000cb,0x8000012f,0x500000cc
0x500000cb,0x80000130,6
0x500000cc,0x8000007a,2
0x500000cc,0x8000012c,6
0x500000cc,0x8000012e,0x500000cb
0x500000cc,0x8000012f,0x500000cd
0x500000cc,0x80000130,7
0x500000cd,0x8000007a,2
0x500000cd,0x8000012c,6
0x500000cd,0x8000012e,0x500000cc
0x500000cd,0x8000012f,0x500000ce
0x500000cd,0x80000130,8
0x500000ce,0x8000007a,2
0x500000ce,0x8000012c,6
0x500000ce,0x8000012e,0x500000cd
0x500000ce,0x8000012f,0x500000cf
0x500000ce,0x80000130,9
0x500000cf,0x8000007a,2
0x500000cf,0x8000012c,6
0x500000cf,0x8000012e,0x500000ce
0x500000cf,0x8000012f,0x500000d0
0x500000cf,0x80000130,10
0x500000d0,0x8000007a,2
0x500000d0,0x8000012c,6
0x500000d0,0x8000012e,0x500000cf
0x500000d0,0x8000012f,0x500000d1
0x500000d0,0x80000130,11
0x500000d1,0x8000007a,2
0x500000d1,0x8000012c,6
0x500000d1,0x8000012e,0x500000d0
0x500000d1,0x8000012f,0x500000d2
0x500000d1,0x80000130,12
0x500000d2,0x8000007a,2
0x500000d2,0x8000012c,6
0x500000d2,0x8000012e,0x500000d1
0x500000d2,0x8000012f,0x500000d3
0x500000d2,0x80000130,13
0x500000d3,0x8000007a,2
0x500000d3,0x8000012c,6
0x500000d3,0x8000012e,0x500000d2
0x500000d3,0x8000012f,0x500000d4
0x500000d3,0x80000130,14
0x500000d4,0x8000007a,2
0x500000d4,0x8000012c,6
0x500000d4,0x8000012e,0x500000d3
0x500000d4,0x8000012f,0x500000d5
0x500000d4,0x80000130,15
0x500000d5,0x8000007a,2
0x500000d5,0x8000012c,6
0x500000d5,0x8000012e,0x500000d4
0x500000d5,0x80000130,16
0x500000d6,0x8000007a,2
0x500000d6,0x8000012c,9
0x500000d6,0x8000012e,0x500000d7
0x500000d6,0x80000130,1
0x500000d7,0x8000007a,2
0x500000d7,0x8000012c,9
0x500000d7,0x8000012e,0x500000d8
0x500000d7,0x8000012f,0x500000d6
0x500000d7,0x80000130,2
0x500000d8,0x8000007a,2
0x500000d8,0x8000012c,9
0x500000d8,0x8000012e,0x500000d9
0x500000d8,0x8000012f,0x500000d7
0x500000d8,0x80000130,3
0x500000d9,0x8000007a,2
0x500000d9,0x8000012c,9
0x500000d9,0x8000012e,0x500000da
0x500000d9,0x8000012f,0x500000d8
0x500000d9,0x80000130,4
0x500000da,0x8000007a,2
0x500000da,0x8000012c,9
0x500000da,0x8000012e,0x500000db
0x500000da,0x8000012f,0x500000d9
0x500000da,0x80000130,5
0x500000db,0x8000007a,2
0x500000db,0x8000012c,9
0x500000db,0x8000012e,0x500000dc
0x500000db,0x80000130,6
0x500000dc,0x8000007a,2
0x500000dc,0x8000012c,9
0x500000dc,0x8000012e,0x500000dd
0x500000dc,0x80000130,7
0x500000dd,0x8000007a,2
0x500000dd,0x8000012c,9
0x500000dd,0x8000012e,0x500000de
0x500000dd,0x8000012f,0x500000dc
0x500000dd,0x80000130,8
0x500000de,0x8000007a,2
0x500000de,0x8000012c,9
0x500000de,0x8000012e,0x500000df
0x500000de,0x8000012f,0x500000dd
0x500000de,0x80000130,9
0x500000df,0x8000007a,2
0x500000df,0x8000012c,9
0x500000df,0x8000012e,0x500000e0
0x500000df,0x8000012f,0x500000de
0x500000df,0x80000130,10
0x500000e0,0x8000007a,2
0x500000e0,0x8000012c,9
0x500000e0,0x8000012e,0x500000e1
0x500000e0,0x80000130,11
0x500000e1,0x8000007a,2
0x500000e1,0x8000012c,9
0x500000e1,0x8000012e,0x500000e2
0x500000e1,0x8000012f,0x500000e0
0x500000e1,0x80000130,12
0x500000e2,0x8000007a,2
0x500000e2,0x8000012c,9
0x500000e2,0x8000012e,0x500000e3
0x500000e2,0x80000130,13
0x500000e3,0x8000007a,2
0x500000e3,0x8000012c,9
0x500000e3,0x8000012e,0x500000e4
0x500000e3,0x80000130,14
0x500000e4,0x8000007a,2
0x500000e4,0x8000012c,9
0x500000e4,0x8000012e,0x500000e5
0x500000e4,0x8000012f,0x500000e3
0x500000e4,0x80000130,15
0x500000e5,0x8000007a,2
0x500000e5,0x8000012c,9
0x500000e5,0x8000012f,0x500000e4
0x500000e5,0x80000130,16
0x500000e6,0x8000007a,2
0x500000e6,0x8000012c,6
0x500000e6,0x8000012f,0x500000e7
0x500000e6,0x80000130,1
0x500000e7,0x8000007a,2
0x500000e7,0x8000012c,6
0x500000e7,0x8000012e,0x500000e6
0x500000e7,0x8000012f,0x500000e8
0x500000e7,0x80000130,2
0x500000e8,0x8000007a,2
0x500000e8,0x8000012c,6
0x500000e8,0x8000012e,0x500000e7
0x500000e8,0x8000012f,0x500000e9
0x500000e8,0x80000130,3
0x500000e9,0x8000007a,2
0x500000e9,0x8000012c,6
0x500000e9,0x8000012e,0x500000e8
0x500000e9,0x8000012f,0x500000ea
0x500000e9,0x80000130,4
0x500000ea,0x8000007a,2
0x500000ea,0x8000012c,6
0x500000ea,0x8000012e,0x500000e9
0x500000ea,0x8000012f,0x500000eb
0x500000ea,0x80000130,5
0x500000eb,0x8000007a,2
0x500000eb,0x8000012c,6
0x500000eb,0x8000012e,0x500000ea
0x500000eb,0x8000012f,0x500000ec
0x500000eb,0x80000130,6
0x500000ec,0x8000007a,2
0x500000ec,0x8000012c,6
0x500000ec,0x8000012e,0x500000eb
0x500000ec,0x8000012f,0x500000ed
0x500000ec,0x80000130,7
0x500000ed,0x8000007a,2
0x500000ed,0x8000012c,6
0x500000ed,0x8000012e,0x500000ec
0x500000ed,0x8000012f,0x500000ee
0x500000ed,0x80000130,8
0x500000ee,0x8000007a,2
0x500000ee,0x8000012c,6
0x500000ee,0x8000012e,0x500000ed
0x500000ee,0x8000012f,0x500000ef
0x500000ee,0x80000130,9
0x500000ef,0x8000007a,2
0x500000ef,0x8000012c,6
0x500000ef,0x8000012e,0x500000ee
0x500000ef,0x8000012f,0x500000f0
0x500000ef,0x80000130,10
0x500000f0,0x8000007a,2
0x500000f0,0x8000012c,6
0x500000f0,0x8000012e,0x500000ef
0x500000f0,0x8000012f,0x500000f1
0x500000f0,0x80000130,11
0x500000f1,0x8000007a,2
0x500000f1,0x8000012c,6
0x500000f1,0x8000012e,0x500000f0
0x500000f1,0x8000012f,0x500000f2
0x500000f1,0x80000130,12
0x500000f2,0x8000007a,2
0x500000f2,0x8000012c,6
0x500000f2,0x8000012e,0x500000f1
0x500000f2,0x8000012f,0x500000f3
0x500000f2,0x80000130,13
0x500000f3,0x8000007a,2
0x500000f3,0x8000012c,6
0x500000f3,0x8000012e,0x500000f2
0x500000f3,0x8000012f,0x500000f4
0x500000f3,0x80000130,14
0x500000f4,0x8000007a,2
0x500000f4,0x8000012c,6
0x500000f4,0x8000012e,0x500000f3
0x500000f4,0x8000012f,0x500000f5
0x500000f4,0x80000130,15
0x500000f5,0x8000007a,2
0x500000f5,0x8000012c,6
0x500000f5,0x8000012e,0x500000f4
0x500000f5,0x80000130,16
0x500000f6,0x8000007a,2
0x500000f6,0x8000012c,9
0x500000f6,0x8000012e,0x500000f7
0x500000f6,0x80000130,1
0x500000f7,0x8000007a,2
0x500000f7,0x8000012c,9
0x500000f7,0x8000012e,0x500000f8
0x500000f7,0x8000012f,0x500000f6
0x500000f7,0x80000130,2
0x500000f8,0x8000007a,2
0x500000f8,0x8000012c,9
0x500000f8,0x8000012e,0x500000f9
0x500000f8,0x8000012f,0x500000f7
0x500000f8,0x80000130,3
0x500000f9,0x8000007a,2
0x500000f9,0x8000012c,9
0x500000f9,0x8000012e,0x500000fa
0x500000f9,0x8000012f,0x500000f8
0x500000f9,0x80000130,4
0x500000fa,0x8000007a,2
0x500000fa,0x8000012c,9
0x500000fa,0x8000012e,0x500000fb
0x500000fa,0x8000012f,0x500000f9
0x500000fa,0x80000130,5
0x500000fb,0x8000007a,2
0x500000fb,0x8000012c,9
0x500000fb,0x8000012e,0x500000fc
0x500000fb,0x8000012f,0x500000fa
0x500000fb,0x80000130,6
0x500000fc,0x8000007a,2
0x500000fc,0x8000012c,9
0x500000fc,0x8000012e,0x500000fd
0x500000fc,0x8000012f,0x500000fb
0x500000fc,0x80000130,7
0x500000fd,0x8000007a,2
0x500000fd,0x8000012c,9
0x500000fd,0x8000012e,0x500000fe
0x500000fd,0x8000012f,0x500000fc
0x500000fd,0x80000130,8
0x500000fe,0x8000007a,2
0x500000fe,0x8000012c,9
0x500000fe,0x8000012e,0x500000ff
0x500000fe,0x8000012f,0x500000fd
0x500000fe,0x80000130,9
0x500000ff,0x8000007a,2
0x500000ff,0x8000012c,9
0x500000ff,0x8000012e,0x50000100
0x500000ff,0x8000012f,0x500000fe
0x500000ff,0x80000130,10
0x50000100,0x8000007a,2
0x50000100,0x8000012c,9
0x50000100,0x8000012e,0x50000101
0x50000100,0x8000012f,0x500000ff
0x50000100,0x80000130,11
0x50000101,0x8000007a,2
0x50000101,0x8000012c,9
0x50000101,0x8000012e,0x50000102
0x50000101,0x8000012f,0x50000100
0x50000101,0x80000130,12
0x50000102,0x8000007a,2
0x50000102,0x8000012c,9
0x50000102,0x8000012e,0x50000103
0x50000102,0x8000012f,0x50000101
0x50000102,0x80000130,13
0x50000103,0x8000007a,2
0x50000103,0x8000012c,9
0x50000103,0x8000012e,0x50000104
0x50000103,0x8000012f,0x50000102
0x50000103,0x80000130,14
0x50000104,0x8000007a,2
0x50000104,0x8000012c,9
0x50000104,0x8000012e,0x50000105
0x50000104,0x8000012f,0x50000103
0x50000104,0x80000130,15
0x50000105,0x8000007a,2
0x50000105,0x8000012c,9
0x50000105,0x8000012f,0x50000104
0x50000105,0x80000130,16
0x50000106,0x8000007a,2
0x50000106,0x8000012c,6
0x50000106,0x8000012f,0x50000107
0x50000106,0x80000130,1
0x50000107,0x8000007a,2
0x50000107,0x8000012c,6
0x50000107,0x8000012e,0x50000106
0x50000107,0x8000012f,0x50000108
0x50000107,0x80000130,2
0x50000108,0x8000007a,2
0x50000108,0x8000012c,6
0x50000108,0x8000012e,0x50000107
0x50000108,0x8000012f,0x50000109
0x50000108,0x80000130,3
0x50000109,0x8000007a,2
0x50000109,0x8000012c,6
0x50000109,0x8000012e,0x50000108
0x50000109,0x8000012f,0x5000010a
0x50000109,0x80000130,4
0x5000010a,0x8000007a,2
0x5000010a,0x8000012c,6
0x5000010a,0x8000012e,0x50000109
0x5000010a,0x8000012f,0x5000010b
0x5000010a,0x80000130,5
0x5000010b,0x8000007a,2
0x5000010b,0x8000012c,6
0x5000010b,0x8000012e,0x5000010a
0x5000010b,0x8000012f,0x5000010c
0x5000010b,0x80000130,6
0x5000010c,0x8000007a,2
0x5000010c,0x8000012c,6
0x5000010c,0x8000012e,0x5000010b
0x5000010c,0x8000012f,0x5000010d
0x5000010c,0x80000130,7
0x5000010d,0x8000007a,2
0x5000010d,0x8000012c,6
0x5000010d,0x8000012e,0x5000010c
0x5000010d,0x8000012f,0x5000010e
0x5000010d,0x80000130,8
0x5000010e,0x8000007a,2
0x5000010e,0x8000012c,6
0x5000010e,0x8000012e,0x5000010d
0x5000010e,0x8000012f,0x5000010f
0x5000010e,0x80000130,9
0x5000010f,0x8000007a,2
0x5000010f,0x8000012c,6
0x5000010f,0x8000012e,0x5000010e
0x5000010f,0x8000012f,0x50000110
0x5000010f,0x80000130,10
0x50000110,0x8000007a,2
0x50000110,0x8000012c,6
0x50000110,0x8000012e,0x5000010f
0x50000110,0x8000012f,0x50000111
0x50000110,0x80000130,11
0x50000111,0x8000007a,2
0x50000111,0x8000012c,6
0x50000111,0x8000012e,0x50000110
0x50000111,0x8000012f,0x50000112
0x50000111,0x80000130,12
0x50000112,0x8000007a,2
0x50000112,0x8000012c,6
0x50000112,0x8000012e,0x50000111
0x50000112,0x8000012f,0x50000113
0x50000112,0x80000130,13
0x50000113,0x8000007a,2
0x50000113,0x8000012c,6
0x50000113,0x8000012e,0x50000112
0x50000113,0x8000012f,0x50000114
0x50000113,0x80000130,14
0x50000114,0x8000007a,2
0x50000114,0x8000012c,6
0x50000114,0x8000012e,0x50000113
0x50000114,0x8000012f,0x50000115
0x50000114,0x80000130,15
0x50000115,0x8000007a,2
0x50000115,0x8000012c,6
0x50000115,0x8000012e,0x50000114
0x50000115,0x80000130,16
0x50000116,0x8000007a,2
0x50000116,0x8000012c,6
0x50000116,0x8000012f,0x50000117
0x50000116,0x80000130,1
0x50000117,0x8000007a,2
0x50000117,0x8000012c,6
0x50000117,0x8000012e,0x50000116
0x50000117,0x8000012f,0x50000118
0x50000117,0x80000130,2
0x50000118,0x8000007a,2
0x50000118,0x8000012c,6
0x50000118,0x8000012e,0x50000117
0x50000118,0x8000012f,0x50000119
0x50000118,0x80000130,3
0x50000119,0x8000007a,2
0x50000119,0x8000012c,6
0x50000119,0x8000012e,0x50000118
0x50000119,0x8000012f,0x5000011a
0x50000119,0x80000130,4
0x5000011a,0x8000007a,2
0x5000011a,0x8000012c,6
0x5000011a,0x8000012e,0x50000119
0x5000011a,0x8000012f,0x5000011b
0x5000011a,0x80000130,5
0x5000011b,0x8000007a,2
0x5000011b,0x8000012c,6
0x5000011b,0x8000012e,0x5000011a
0x5000011b,0x8000012f,0x5000011c
0x5000011b,0x80000130,6
0x5000011c,0x8000007a,2
0x5000011c,0x8000012c,6
0x5000011c,0x8000012e,0x5000011b
0x5000011c,0x8000012f,0x5000011d
0x5000011c,0x80000130,7
0x5000011d,0x8000007a,2
0x5000011d,0x8000012c,6
0x5000011d,0x8000012e,0x5000011c
0x5000011d,0x8000012f,0x5000011e
0x5000011d,0x80000130,8
0x5000011e,0x8000007a,2
0x5000011e,0x8000012c,6
0x5000011e,0x8000012e,0x5000011d
0x5000011e,0x8000012f,0x5000011f
0x5000011e,0x80000130,9
0x5000011f,0x8000007a,2
0x5000011f,0x8000012c,6
0x5000011f,0x8000012e,0x5000011e
0x5000011f,0x8000012f,0x50000120
0x5000011f,0x80000130,10
0x50000120,0x8000007a,2
0x50000120,0x8000012c,6
0x50000120,0x8000012e,0x5000011f
0x50000120,0x8000012f,0x50000121
0x50000120,0x80000130,11
0x50000121,0x8000007a,2
0x50000121,0x8000012c,6
0x50000121,0x8000012e,0x50000120
0x50000121,0x8000012f,0x50000122
0x50000121,0x80000130,12
0x50000122,0x8000007a,2
0x50000122,0x8000012c,6
0x50000122,0x8000012e,0x50000121
0x50000122,0x8000012f,0x50000123
0x50000122,0x80000130,13
0x50000123,0x8000007a,2
0x50000123,0x8000012c,6
0x50000123,0x8000012e,0x50000122
0x50000123,0x8000012f,0x50000124
0x50000123,0x80000130,14
0x50000124,0x8000007a,2
0x50000124,0x8000012c,6
0x50000124,0x8000012e,0x50000123
0x50000124,0x8000012f,0x50000125
0x50000124,0x80000130,15
0x50000125,0x8000007a,2
0x50000125,0x8000012c,6
0x50000125,0x8000012e,0x50000124
0x50000125,0x80000130,16
0x50000126,0x8000007a,2
0x50000126,0x8000012c,6
0x50000126,0x8000012f,0x50000127
0x50000126,0x80000130,1
0x50000127,0x8000007a,2
0x50000127,0x8000012c,6
0x50000127,0x8000012e,0x50000126
0x50000127,0x8000012f,0x50000128
0x50000127,0x80000130,2
0x50000128,0x8000007a,2
0x50000128,0x8000012c,6
0x50000128,0x8000012e,0x50000127
0x50000128,0x8000012f,0x50000129
0x50000128,0x80000130,3
0x50000129,0x8000007a,2
0x50000129,0x8000012c,6
0x50000129,0x8000012e,0x50000128
0x50000129,0x8000012f,0x5000012a
0x50000129,0x80000130,4
0x5000012a,0x8000007a,2
0x5000012a,0x8000012c,6
0x5000012a,0x8000012e,0x50000129
0x5000012a,0x8000012f,0x5000012b
0x5000012a,0x80000130,5
0x5000012b,0x8000007a,2
0x5000012b,0x8000012c,6
0x5000012b,0x8000012e,0x5000012a
0x5000012b,0x8000012f,0x5000012c
0x5000012b,0x80000130,6
0x5000012c,0x8000007a,2
0x5000012c,0x8000012c,6
0x5000012c,0x8000012e,0x5000012b
0x5000012c,0x8000012f,0x5000012d
0x5000012c,0x80000130,7
0x5000012d,0x8000007a,2
0x5000012d,0x8000012c,6
0x5000012d,0x8000012e,0x5000012c
0x5000012d,0x80000130,8
0x5000012e,0x8000007a,2
0x5000012e,0x8000012c,6
0x5000012e,0x8000012e,0x5000012d
0x5000012e,0x80000130,9
0x5000012f,0x8000007a,2
0x5000012f,0x8000012c,6
0x5000012f,0x8000012e,0x5000012e
0x5000012f,0x80000130,10
0x50000130,0x8000007a,2
0x50000130,0x8000012c,6
0x50000130,0x8000012e,0x5000012f
0x50000130,0x80000130,11
0x50000131,0x8000007a,2
0x50000131,0x8000012c,6
0x50000131,0x8000012e,0x50000130
0x50000131,0x80000130,12
0x50000132,0x8000007a,2
0x50000132,0x8000012c,6
0x50000132,0x8000012e,0x50000131
0x50000132,0x80000130,13
0x50000133,0x8000007a,2
0x50000133,0x8000012c,6
0x50000133,0x8000012e,0x50000132
0x50000133,0x80000130,14
0x50000134,0x8000007a,2
0x50000134,0x8000012c,6
0x50000134,0x8000012e,0x50000133
0x50000134,0x80000130,15
0x50000135,0x8000007a,2
0x50000135,0x8000012c,6
0x50000135,0x8000012e,0x50000134
0x50000135,0x80000130,16
0x50000136,0x8000007a,3
0x50000136,0x8000012c,2
0x50000136,0x800001a3,0x2000863
0x50000136,0x800001a4,0x200029f
0x50000136,0x800001a5,25
0x50000136,0x800001a6,25
0x50000136,0x800001bc,0x2000861
0x50000136,0x800001bd,0x200029f
0x50000136,0x800001c6,0x2000860
0x50000136,0x800001c7,0x200029f
0x50000136,0x800001d0,0x2000862
0x50000136,0x800001d1,0x2000299
0x50000137,0x8000007a,3
0x50000137,0x8000012c,2
0x50000137,0x800001a3,0x20008b8
0x50000137,0x800001a4,0x200029f
0x50000137,0x800001a5,25
0x50000137,0x800001a6,25
0x50000137,0x800001bc,0x20008c4
0x50000137,0x800001bd,0x200029f
0x50000137,0x800001c6,0x20008c3
0x50000137,0x800001c7,0x200029f
0x50000137,0x800001d0,0x20008ca
0x50000137,0x800001d1,0x2000299
0x50000137,0x8000021e,0x20008d3
0x50000137,0x8000021f,0x200029f
0x50000138,0x8000007a,3
0x50000138,0x8000012c,2
0x50000138,0x800001a3,0x20008bd
0x50000138,0x800001a4,0x200029f
0x50000138,0x800001a5,25
0x50000138,0x800001a6,25
0x50000138,0x800001bc,0x20008c2
0x50000138,0x800001bd,0x200029f
0x50000138,0x800001c6,0x20008c1
0x50000138,0x800001c7,0x200029f
0x50000138,0x800001d0,0x20008cf
0x50000138,0x800001d1,0x2000299
0x50000139,0x8000007a,3
0x50000139,0x8000012c,2
0x50000139,0x8000012d,0x50000141
0x50000139,0x800001a3,0x20008b9
0x50000139,0x800001a4,0x200029f
0x50000139,0x800001a5,25
0x50000139,0x800001a6,25
0x50000139,0x800001a7,0x20008b2
0x50000139,0x800001a8,0x20008ae
0x50000139,0x800001d0,0x20008cb
0x50000139,0x800001d1,0x2000299
0x50000139,0x800001d7,0x20008d4
0x50000139,0x800001d8,0x200029f
0x50000139,0x800001d9,200
0x50000139,0x8000021e,0x20008d1
0x50000139,0x8000021f,0x200029f
0x5000013a,0x8000007a,3
0x5000013a,0x8000012c,2
0x5000013a,0x800001a3,0x20008b7
0x5000013a,0x800001a4,0x200029f
0x5000013a,0x800001a5,25
0x5000013a,0x800001a6,25
0x5000013a,0x800001a7,0x2000864
0x5000013a,0x800001a8,0x20008ae
0x5000013a,0x800001d0,0x20008c9
0x5000013a,0x800001d1,0x2000299
0x5000013b,0x8000007a,3
0x5000013b,0x8000012c,2
0x5000013b,0x8000012d,0x50000141
0x5000013b,0x800001bc,0x20008c6
0x5000013b,0x800001bd,0x200029f
0x5000013b,0x800001c6,0x20008c5
0x5000013b,0x800001c7,0x200029f
0x5000013b,0x800001d0,0x20008cc
0x5000013b,0x800001d1,0x2000299
0x5000013c,0x8000007a,3
0x5000013c,0x8000012c,0
0x5000013d,0x8000007a,3
0x5000013d,0x8000012c,4
0x5000013e,0x8000007a,3
0x5000013e,0x8000012c,4
0x5000013e,0x8000012d,0x5000013e
0x5000013e,0x8000016e,32
0x5000013e,0x8000016f,16
0x5000013e,0x800001a7,0x20008b6
0x5000013e,0x800001a8,0x20008ae
0x5000013f,0x8000007a,3
0x5000013f,0x8000012c,2
0x5000013f,0x8000012d,0x50000141
0x5000013f,0x800001a3,0x20008be
0x5000013f,0x800001a4,0x200029f
0x5000013f,0x800001a5,25
0x5000013f,0x800001a6,25
0x5000013f,0x800001a7,0x20008b5
0x5000013f,0x800001a8,0x20008ae
0x5000013f,0x800001bc,0x20008c0
0x5000013f,0x800001bd,0x200029f
0x5000013f,0x800001c6,0x20008bf
0x5000013f,0x800001c7,0x200029f
0x5000013f,0x800001d0,0x20008d0
0x5000013f,0x800001d1,0x2000299
0x5000013f,0x800001d7,0x2000865
0x5000013f,0x800001d8,0x200029f
0x5000013f,0x800001d9,200
0x5000013f,0x8000021e,0x2000866
0x5000013f,0x8000021f,0x200029f
0x50000140,0x8000007a,3
0x50000140,0x8000012c,2
0x50000140,0x800001a3,0x20008bb
0x50000140,0x800001a4,0x200029f
0x50000140,0x800001a5,25
0x50000140,0x800001a6,25
0x50000140,0x800001a7,0x20008b3
0x50000140,0x800001a8,0x20008ae
0x50000140,0x800001d0,0x20008ce
0x50000140,0x800001d1,0x2000299
0x50000140,0x8000021e,0x20008d2
0x50000140,0x8000021f,0x200029f
0x50000141,0x8000007a,3
0x50000141,0x8000012c,2
0x50000141,0x8000012d,0x50000141
0x50000141,0x800001a3,0x20008ba
0x50000141,0x800001a4,0x200029f
0x50000141,0x800001a5,25
0x50000141,0x800001a6,25
0x50000141,0x800001bc,0x20008c8
0x50000141,0x800001bd,0x200029f
0x50000141,0x800001c6,0x20008c7
0x50000141,0x800001c7,0x200029f
0x50000141,0x800001d0,0x20008cd
0x50000141,0x800001d1,0x2000299
0x50000142,0x8000007a,3
0x50000142,0x8000012c,2
0x50000142,0x800001a3,0x20008bc
0x50000142,0x800001a4,0x200029f
0x50000142,0x800001a5,25
0x50000142,0x800001a6,25
0x50000142,0x800001a7,0x20008b4
0x50000142,0x800001a8,0x20008ae
0x50000143,0x8000007a,3
0x50000143,0x8000012c,6
0x50000143,0x8000012f,0x50000144
0x50000143,0x80000130,1
0x50000144,0x8000007a,3
0x50000144,0x8000012c,6
0x50000144,0x8000012e,0x50000143
0x50000144,0x8000012f,0x50000145
0x50000144,0x80000130,2
0x50000145,0x8000007a,3
0x50000145,0x8000012c,6
0x50000145,0x8000012e,0x50000144
0x50000145,0x8000012f,0x50000146
0x50000145,0x80000130,3
0x50000146,0x8000007a,3
0x50000146,0x8000012c,6
0x50000146,0x8000012e,0x50000145
0x50000146,0x8000012f,0x50000147
0x50000146,0x80000130,4
0x50000147,0x8000007a,3
0x50000147,0x8000012c,6
0x50000147,0x8000012e,0x50000146
0x50000147,0x8000012f,0x50000148
0x50000147,0x80000130,5
0x50000148,0x8000007a,3
0x50000148,0x8000012c,6
0x50000148,0x8000012e,0x50000147
0x50000148,0x80000130,6
0x50000149,0x8000007a,3
0x50000149,0x8000012c,6
0x50000149,0x8000012e,0x50000148
0x50000149,0x8000012f,0x5000014a
0x50000149,0x80000130,7
0x5000014a,0x8000007a,3
0x5000014a,0x8000012c,6
0x5000014a,0x8000012e,0x50000149
0x5000014a,0x80000130,8
0x5000014b,0x8000007a,3
0x5000014b,0x8000012c,6
0x5000014b,0x8000012f,0x5000014c
0x5000014b,0x80000130,1
0x5000014c,0x8000007a,3
0x5000014c,0x8000012c,6
0x5000014c,0x8000012e,0x5000014b
0x5000014c,0x8000012f,0x5000014d
0x5000014c,0x80000130,2
0x5000014d,0x8000007a,3
0x5000014d,0x8000012c,6
0x5000014d,0x8000012e,0x5000014c
0x5000014d,0x8000012f,0x5000014e
0x5000014d,0x80000130,3
0x5000014e,0x8000007a,3
0x5000014e,0x8000012c,6
0x5000014e,0x8000012e,0x5000014d
0x5000014e,0x8000012f,0x5000014f
0x5000014e,0x80000130,4
0x5000014f,0x8000007a,3
0x5000014f,0x8000012c,6
0x5000014f,0x8000012e,0x5000014e
0x5000014f,0x8000012f,0x50000150
0x5000014f,0x80000130,5
0x50000150,0x8000007a,3
0x50000150,0x8000012c,6
0x50000150,0x8000012e,0x5000014f
0x50000150,0x8000012f,0x50000151
0x50000150,0x80000130,6
0x50000151,0x8000007a,3
0x50000151,0x8000012c,6
0x50000151,0x8000012e,0x50000150
0x50000151,0x8000012f,0x50000152
0x50000151,0x80000130,7
0x50000152,0x8000007a,3
0x50000152,0x8000012c,6
0x50000152,0x8000012e,0x50000151
0x50000152,0x80000130,8
0x50000153,0x8000007a,3
0x50000153,0x8000012c,6
0x50000153,0x8000012f,0x50000154
0x50000153,0x80000130,1
0x50000154,0x8000007a,3
0x50000154,0x8000012c,6
0x50000154,0x8000012e,0x50000153
0x50000154,0x8000012f,0x50000155
0x50000154,0x80000130,2
0x50000155,0x8000007a,3
0x50000155,0x8000012c,6
0x50000155,0x8000012e,0x50000154
0x50000155,0x8000012f,0x50000156
0x50000155,0x80000130,3
0x50000156,0x8000007a,3
0x50000156,0x8000012c,6
0x50000156,0x8000012e,0x50000155
0x50000156,0x8000012f,0x50000157
0x50000156,0x80000130,4
0x50000157,0x8000007a,3
0x50000157,0x8000012c,6
0x50000157,0x8000012e,0x50000156
0x50000157,0x8000012f,0x50000158
0x50000157,0x80000130,5
0x50000158,0x8000007a,3
0x50000158,0x8000012c,6
0x50000158,0x8000012e,0x50000157
0x50000158,0x8000012f,0x50000159
0x50000158,0x80000130,6
0x50000159,0x8000007a,3
0x50000159,0x8000012c,6
0x50000159,0x8000012e,0x50000158
0x50000159,0x8000012f,0x5000015a
0x50000159,0x80000130,7
0x5000015a,0x8000007a,3
0x5000015a,0x8000012c,6
0x5000015a,0x8000012e,0x50000159
0x5000015a,0x80000130,8
0x5000015b,0x8000007a,3
0x5000015b,0x8000012c,6
0x5000015b,0x8000012f,0x5000015c
0x5000015b,0x80000130,1
0x5000015c,0x8000007a,3
0x5000015c,0x8000012c,6
0x5000015c,0x8000012e,0x5000015b
0x5000015c,0x80000130,2
0x5000015d,0x8000007a,3
0x5000015d,0x8000012c,6
0x5000015d,0x8000012e,0x5000015c
0x5000015d,0x80000130,3
0x5000015e,0x8000007a,3
0x5000015e,0x8000012c,6
0x5000015e,0x8000012e,0x5000015d
0x5000015e,0x80000130,4
0x5000015f,0x8000007a,3
0x5000015f,0x8000012c,6
0x5000015f,0x8000012e,0x5000015e
0x5000015f,0x80000130,5
0x50000160,0x8000007a,3
0x50000160,0x8000012c,6
0x50000160,0x8000012e,0x5000015f
0x50000160,0x80000130,6
0x50000161,0x8000007a,3
0x50000161,0x8000012c,6
0x50000161,0x8000012e,0x50000160
0x50000161,0x80000130,7
0x50000162,0x8000007a,3
0x50000162,0x8000012c,6
0x50000162,0x8000012e,0x50000161
0x50000162,0x80000130,8
0x50000163,0x8000007a,3
0x50000163,0x8000012c,6
0x50000163,0x8000012f,0x50000164
0x50000163,0x80000130,1
0x50000164,0x8000007a,3
0x50000164,0x8000012c,6
0x50000164,0x8000012e,0x50000163
0x50000164,0x8000012f,0x50000165
0x50000164,0x80000130,2
0x50000165,0x8000007a,3
0x50000165,0x8000012c,6
0x50000165,0x8000012e,0x50000164
0x50000165,0x8000012f,0x50000166
0x50000165,0x80000130,3
0x50000166,0x8000007a,3
0x50000166,0x8000012c,6
0x50000166,0x8000012e,0x50000165
0x50000166,0x8000012f,0x50000167
0x50000166,0x80000130,4
0x50000167,0x8000007a,3
0x50000167,0x8000012c,6
0x50000167,0x8000012e,0x50000166
0x50000167,0x8000012f,0x50000168
0x50000167,0x80000130,5
0x50000168,0x8000007a,3
0x50000168,0x8000012c,6
0x50000168,0x8000012e,0x50000167
0x50000168,0x8000012f,0x50000169
0x50000168,0x80000130,6
0x50000169,0x8000007a,3
0x50000169,0x8000012c,6
0x50000169,0x8000012e,0x50000168
0x50000169,0x80000130,7
0x5000016a,0x8000007a,3
0x5000016a,0x8000012c,6
0x5000016a,0x8000012e,0x50000169
0x5000016a,0x80000130,8
0x5000016b,0x8000007a,3
0x5000016b,0x8000012c,6
0x5000016b,0x8000012f,0x5000016c
0x5000016b,0x80000130,1
0x5000016c,0x8000007a,3
0x5000016c,0x8000012c,6
0x5000016c,0x8000012e,0x5000016b
0x5000016c,0x8000012f,0x5000016d
0x5000016c,0x80000130,2
0x5000016d,0x8000007a,3
0x5000016d,0x8000012c,6
0x5000016d,0x8000012e,0x5000016c
0x5000016d,0x8000012f,0x5000016e
0x5000016d,0x80000130,3
0x5000016e,0x8000007a,3
0x5000016e,0x8000012c,6
0x5000016e,0x8000012e,0x5000016d
0x5000016e,0x8000012f,0x5000016f
0x5000016e,0x80000130,4
0x5000016f,0x8000007a,3
0x5000016f,0x8000012c,6
0x5000016f,0x8000012e,0x5000016e
0x5000016f,0x8000012f,0x50000170
0x5000016f,0x80000130,5
0x50000170,0x8000007a,3
0x50000170,0x8000012c,6
0x50000170,0x8000012e,0x5000016f
0x50000170,0x8000012f,0x50000171
0x50000170,0x80000130,6
0x50000171,0x8000007a,3
0x50000171,0x8000012c,6
0x50000171,0x8000012e,0x50000170
0x50000171,0x8000012f,0x50000172
0x50000171,0x80000130,7
0x50000172,0x8000007a,3
0x50000172,0x8000012c,6
0x50000172,0x8000012e,0x50000171
0x50000172,0x80000130,8
0x50000173,0x8000007a,3
0x50000173,0x8000012c,6
0x50000173,0x8000012f,0x50000174
0x50000173,0x80000130,1
0x50000174,0x8000007a,3
0x50000174,0x8000012c,6
0x50000174,0x8000012e,0x50000173
0x50000174,0x8000012f,0x50000175
0x50000174,0x80000130,2
0x50000175,0x8000007a,3
0x50000175,0x8000012c,6
0x50000175,0x8000012e,0x50000174
0x50000175,0x8000012f,0x50000176
0x50000175,0x80000130,3
0x50000176,0x8000007a,3
0x50000176,0x8000012c,6
0x50000176,0x8000012e,0x50000175
0x50000176,0x8000012f,0x50000177
0x50000176,0x80000130,4
0x50000177,0x8000007a,3
0x50000177,0x8000012c,6
0x50000177,0x8000012e,0x50000176
0x50000177,0x8000012f,0x50000178
0x50000177,0x80000130,5
0x50000178,0x8000007a,3
0x50000178,0x8000012c,6
0x50000178,0x8000012e,0x50000177
0x50000178,0x8000012f,0x50000179
0x50000178,0x80000130,6
0x50000179,0x8000007a,3
0x50000179,0x8000012c,6
0x50000179,0x8000012e,0x50000178
0x50000179,0x8000012f,0x5000017a
0x50000179,0x80000130,7
0x5000017a,0x8000007a,3
0x5000017a,0x8000012c,6
0x5000017a,0x8000012e,0x50000179
0x5000017a,0x80000130,8
0x5000017b,0x8000007a,4
0x5000017b,0x8000012c,6
0x5000017b,0x8000012e,0x5000017c
0x5000017b,0x80000130,2
0x5000017c,0x8000007a,4
0x5000017c,0x8000012c,6
0x5000017c,0x8000012f,0x5000017b
0x5000017c,0x80000130,1
0x5000017d,0x8000007a,4
0x5000017d,0x8000012c,14
0x5000018e,0x8000007a,1
0x5000018e,0x8000012c,4
0x5000018e,0x8000012d,0x5000018e
0x5000018e,0x80000133,1
0x5000018e,0x8000026b,6
0x5000018e,0x80000272,0x600001d9
0x50000190,0x8000007a,1
0x50000190,0x8000012c,4
0x50000190,0x8000012d,0x50000190
0x50000190,0x80000133,1
0x50000190,0x8000026b,7
0x50000190,0x80000272,0x600001da
0x50000192,0x8000007a,1
0x50000192,0x8000012c,4
0x50000192,0x8000012d,0x50000192
0x50000192,0x80000133,1
0x50000192,0x8000026b,1
0x50000192,0x80000272,0x600001dc
0x50000193,0x8000007a,1
0x50000193,0x8000012c,4
0x50000193,0x8000012d,0x50000193
0x50000193,0x80000133,1
0x50000193,0x8000026b,5
0x50000193,0x80000272,0x600001dc
0x50000195,0x8000007a,1
0x50000195,0x8000012c,4
0x50000195,0x8000012d,0x50000195
0x50000195,0x80000133,1
0x50000195,0x8000026b,0
0x50000195,0x80000272,0x600001dd
0x50000196,0x8000007a,1
0x50000196,0x8000012c,4
0x50000196,0x8000012d,0x50000196
0x50000196,0x80000133,1
0x50000196,0x8000026b,2
0x50000196,0x80000272,0x600001da
0x5000019c,0x8000007a,1
0x5000019c,0x8000012c,6
0x5000019c,0x8000012f,0x5000019d
0x5000019c,0x80000130,1
0x5000019c,0x80000272,0x600001d9
0x5000019d,0x8000007a,1
0x5000019d,0x8000012c,6
0x5000019d,0x8000012e,0x5000019c
0x5000019d,0x8000012f,0x5000019e
0x5000019d,0x80000130,2
0x5000019d,0x80000272,0x600001d9
0x5000019e,0x8000007a,1
0x5000019e,0x8000012c,6
0x5000019e,0x8000012e,0x5000019d
0x5000019e,0x8000012f,0x5000019f
0x5000019e,0x80000130,3
0x5000019e,0x80000272,0x600001d9
0x5000019f,0x8000007a,1
0x5000019f,0x8000012c,6
0x5000019f,0x8000012e,0x5000019e
0x5000019f,0x8000012f,0x500001a0
0x5000019f,0x80000130,4
0x5000019f,0x80000272,0x600001d9
0x500001a0,0x8000007a,1
0x500001a0,0x8000012c,6
0x500001a0,0x8000012e,0x5000019f
0x500001a0,0x8000012f,0x500001a1
0x500001a0,0x80000130,5
0x500001a0,0x80000272,0x600001d9
0x500001a1,0x8000007a,1
0x500001a1,0x8000012c,6
0x500001a1,0x8000012e,0x500001a0
0x500001a1,0x80000130,6
0x500001a1,0x80000272,0x600001d9
0x500001a2,0x8000007a,1
0x500001a2,0x8000012c,6
0x500001a2,0x8000012f,0x500001a3
0x500001a2,0x80000130,1
0x500001a2,0x80000272,0x600001dc
0x500001a3,0x8000007a,1
0x500001a3,0x8000012c,6
0x500001a3,0x8000012e,0x500001a2
0x500001a3,0x8000012f,0x500001a4
0x500001a3,0x80000130,2
0x500001a3,0x80000272,0x600001dc
0x500001a4,0x8000007a,1
0x500001a4,0x8000012c,6
0x500001a4,0x8000012e,0x500001a3
0x500001a4,0x8000012f,0x500001a5
0x500001a4,0x80000130,3
0x500001a4,0x80000272,0x600001dc
0x500001a5,0x8000007a,1
0x500001a5,0x8000012c,6
0x500001a5,0x8000012e,0x500001a4
0x500001a5,0x80000130,4
0x500001a5,0x80000272,0x600001dc
0x500001a6,0x8000007a,1
0x500001a6,0x8000012c,6
0x500001a6,0x8000012f,0x500001a7
0x500001a6,0x80000130,1
0x500001a6,0x80000272,0x600001d9
0x500001a7,0x8000007a,1
0x500001a7,0x8000012c,6
0x500001a7,0x8000012e,0x500001a6
0x500001a7,0x8000012f,0x500001a8
0x500001a7,0x80000130,2
0x500001a7,0x80000272,0x600001d9
0x500001a8,0x8000007a,1
0x500001a8,0x8000012c,6
0x500001a8,0x8000012e,0x500001a7
0x500001a8,0x8000012f,0x500001a9
0x500001a8,0x80000130,3
0x500001a8,0x80000272,0x600001d9
0x500001a9,0x8000007a,1
0x500001a9,0x8000012c,6
0x500001a9,0x8000012e,0x500001a8
0x500001a9,0x8000012f,0x500001aa
0x500001a9,0x80000130,4
0x500001a9,0x80000272,0x600001d9
0x500001aa,0x8000007a,1
0x500001aa,0x8000012c,6
0x500001aa,0x8000012e,0x500001a9
0x500001aa,0x8000012f,0x500001ab
0x500001aa,0x80000130,5
0x500001aa,0x80000272,0x600001d9
0x500001ab,0x8000007a,1
0x500001ab,0x8000012c,6
0x500001ab,0x8000012e,0x500001aa
0x500001ab,0x8000012f,0x500001ac
0x500001ab,0x80000130,6
0x500001ab,0x80000272,0x600001d9
0x500001ac,0x8000007a,1
0x500001ac,0x8000012c,6
0x500001ac,0x8000012e,0x500001ab
0x500001ac,0x8000012f,0x500001ad
0x500001ac,0x80000130,7
0x500001ac,0x80000272,0x600001d9
0x500001ad,0x8000007a,1
0x500001ad,0x8000012c,6
0x500001ad,0x8000012e,0x500001ac
0x500001ad,0x8000012f,0x500001ae
0x500001ad,0x80000130,8
0x500001ad,0x80000272,0x600001d9
0x500001ae,0x8000007a,1
0x500001ae,0x8000012c,6
0x500001ae,0x8000012e,0x500001ad
0x500001ae,0x8000012f,0x500001af
0x500001ae,0x80000130,9
0x500001ae,0x80000272,0x600001d9
0x500001af,0x8000007a,1
0x500001af,0x8000012c,6
0x500001af,0x8000012e,0x500001ae
0x500001af,0x80000130,10
0x500001af,0x80000272,0x600001d9
0x500001b0,0x8000007a,1
0x500001b0,0x8000012c,6
0x500001b0,0x8000012f,0x500001b1
0x500001b0,0x80000130,1
0x500001b0,0x80000272,0x600001da
0x500001b1,0x8000007a,1
0x500001b1,0x8000012c,6
0x500001b1,0x8000012e,0x500001b0
0x500001b1,0x8000012f,0x500001b2
0x500001b1,0x80000130,2
0x500001b1,0x80000272,0x600001da
0x500001b2,0x8000007a,1
0x500001b2,0x8000012c,6
0x500001b2,0x8000012e,0x500001b1
0x500001b2,0x8000012f,0x500001b3
0x500001b2,0x80000130,3
0x500001b2,0x80000272,0x600001da
0x500001b3,0x8000007a,1
0x500001b3,0x8000012c,6
0x500001b3,0x8000012e,0x500001b2
0x500001b3,0x8000012f,0x500001b4
0x500001b3,0x80000130,4
0x500001b3,0x80000272,0x600001da
0x500001b4,0x8000007a,1
0x500001b4,0x8000012c,6
0x500001b4,0x8000012e,0x500001b3
0x500001b4,0x8000012f,0x500001b5
0x500001b4,0x80000130,5
0x500001b4,0x80000272,0x600001da
0x500001b5,0x8000007a,1
0x500001b5,0x8000012c,6
0x500001b5,0x8000012e,0x500001b4
0x500001b5,0x8000012f,0x500001b6
0x500001b5,0x80000130,6
0x500001b5,0x80000272,0x600001da
0x500001b6,0x8000007a,1
0x500001b6,0x8000012c,6
0x500001b6,0x8000012e,0x500001b5
0x500001b6,0x8000012f,0x500001b7
0x500001b6,0x80000130,7
0x500001b6,0x80000272,0x600001da
0x500001b7,0x8000007a,1
0x500001b7,0x8000012c,6
0x500001b7,0x8000012e,0x500001b6
0x500001b7,0x8000012f,0x500001b8
0x500001b7,0x80000130,8
0x500001b7,0x80000272,0x600001da
0x500001b8,0x8000007a,1
0x500001b8,0x8000012c,6
0x500001b8,0x8000012e,0x500001b7
0x500001b8,0x8000012f,0x500001b9
0x500001b8,0x80000130,9
0x500001b8,0x80000272,0x600001da
0x500001b9,0x8000007a,1
0x500001b9,0x8000012c,6
0x500001b9,0x8000012e,0x500001b8
0x500001b9,0x80000130,10
0x500001b9,0x80000272,0x600001da
0x500001ba,0x8000007a,1
0x500001ba,0x8000012c,6
0x500001ba,0x8000012f,0x500001bb
0x500001ba,0x80000130,1
0x500001ba,0x80000272,0x600001d9
0x500001bb,0x8000007a,1
0x500001bb,0x8000012c,6
0x500001bb,0x8000012e,0x500001ba
0x500001bb,0x8000012f,0x500001bc
0x500001bb,0x80000130,2
0x500001bb,0x80000272,0x600001d9
0x500001bc,0x8000007a,1
0x500001bc,0x8000012c,6
0x500001bc,0x8000012e,0x500001bb
0x500001bc,0x8000012f,0x500001bd
0x500001bc,0x80000130,3
0x500001bc,0x80000272,0x600001d9
0x500001bd,0x8000007a,1
0x500001bd,0x8000012c,6
0x500001bd,0x8000012e,0x500001bc
0x500001bd,0x8000012f,0x500001be
0x500001bd,0x80000130,4
0x500001bd,0x80000272,0x600001d9
0x500001be,0x8000007a,1
0x500001be,0x8000012c,6
0x500001be,0x8000012e,0x500001bd
0x500001be,0x8000012f,0x500001bf
0x500001be,0x80000130,5
0x500001be,0x80000272,0x600001d9
0x500001bf,0x8000007a,1
0x500001bf,0x8000012c,6
0x500001bf,0x8000012e,0x500001be
0x500001bf,0x8000012f,0x500001c0
0x500001bf,0x80000130,6
0x500001bf,0x80000272,0x600001d9
0x500001c0,0x8000007a,1
0x500001c0,0x8000012c,6
0x500001c0,0x8000012e,0x500001bf
0x500001c0,0x8000012f,0x500001c1
0x500001c0,0x80000130,7
0x500001c0,0x80000272,0x600001d9
0x500001c1,0x8000007a,1
0x500001c1,0x8000012c,6
0x500001c1,0x8000012e,0x500001c0
0x500001c1,0x80000130,8
0x500001c1,0x80000272,0x600001d9
0x500001c2,0x8000007a,1
0x500001c2,0x8000012c,6
0x500001c2,0x8000012f,0x500001c3
0x500001c2,0x80000130,1
0x500001c2,0x80000272,0x600001dc
0x500001c3,0x8000007a,1
0x500001c3,0x8000012c,6
0x500001c3,0x8000012e,0x500001c2
0x500001c3,0x8000012f,0x500001c4
0x500001c3,0x80000130,2
0x500001c3,0x80000272,0x600001dc
0x500001c4,0x8000007a,1
0x500001c4,0x8000012c,6
0x500001c4,0x8000012e,0x500001c3
0x500001c4,0x8000012f,0x500001c5
0x500001c4,0x80000130,3
0x500001c4,0x80000272,0x600001dc
0x500001c5,0x8000007a,1
0x500001c5,0x8000012c,6
0x500001c5,0x8000012e,0x500001c4
0x500001c5,0x8000012f,0x500001c6
0x500001c5,0x80000130,4
0x500001c5,0x80000272,0x600001dc
0x500001c6,0x8000007a,1
0x500001c6,0x8000012c,6
0x500001c6,0x8000012e,0x500001c5
0x500001c6,0x8000012f,0x500001c7
0x500001c6,0x80000130,5
0x500001c6,0x80000272,0x600001dc
0x500001c7,0x8000007a,1
0x500001c7,0x8000012c,6
0x500001c7,0x8000012e,0x500001c6
0x500001c7,0x8000012f,0x500001c8
0x500001c7,0x80000130,6
0x500001c7,0x80000272,0x600001dc
0x500001c8,0x8000007a,1
0x500001c8,0x8000012c,6
0x500001c8,0x8000012e,0x500001c7
0x500001c8,0x8000012f,0x500001c9
0x500001c8,0x80000130,7
0x500001c8,0x80000272,0x600001dc
0x500001c9,0x8000007a,1
0x500001c9,0x8000012c,6
0x500001c9,0x8000012e,0x500001c8
0x500001c9,0x8000012f,0x500001ca
0x500001c9,0x80000130,8
0x500001c9,0x80000272,0x600001dc
0x500001ca,0x8000007a,1
0x500001ca,0x8000012c,6
0x500001ca,0x8000012e,0x500001c9
0x500001ca,0x8000012f,0x500001cb
0x500001ca,0x80000130,9
0x500001ca,0x80000272,0x600001dc
0x500001cb,0x8000007a,1
0x500001cb,0x8000012c,6
0x500001cb,0x8000012e,0x500001ca
0x500001cb,0x80000130,10
0x500001cb,0x80000272,0x600001dc
0x500001cc,0x8000007a,1
0x500001cc,0x8000012c,6
0x500001cc,0x8000012f,0x500001cd
0x500001cc,0x80000130,1
0x500001cc,0x80000272,0x600001dc
0x500001cd,0x8000007a,1
0x500001cd,0x8000012c,6
0x500001cd,0x8000012e,0x500001cc
0x500001cd,0x8000012f,0x500001ce
0x500001cd,0x80000130,2
0x500001cd,0x80000272,0x600001dc
0x500001ce,0x8000007a,1
0x500001ce,0x8000012c,6
0x500001ce,0x8000012e,0x500001cd
0x500001ce,0x8000012f,0x500001cf
0x500001ce,0x80000130,3
0x500001ce,0x80000272,0x600001dc
0x500001cf,0x8000007a,1
0x500001cf,0x8000012c,6
0x500001cf,0x8000012e,0x500001ce
0x500001cf,0x8000012f,0x500001d0
0x500001cf,0x80000130,4
0x500001cf,0x80000272,0x600001dc
0x500001d0,0x8000007a,1
0x500001d0,0x8000012c,6
0x500001d0,0x8000012e,0x500001cf
0x500001d0,0x8000012f,0x500001d1
0x500001d0,0x80000130,5
0x500001d0,0x80000272,0x600001dc
0x500001d1,0x8000007a,1
0x500001d1,0x8000012c,6
0x500001d1,0x8000012e,0x500001d0
0x500001d1,0x80000130,6
0x500001d1,0x80000272,0x600001dc
0x500001d2,0x8000007a,1
0x500001d2,0x8000012c,6
0x500001d2,0x8000012f,0x500001d3
0x500001d2,0x80000130,1
0x500001d2,0x80000272,0x600001dd
0x500001d3,0x8000007a,1
0x500001d3,0x8000012c,6
0x500001d3,0x8000012e,0x500001d2
0x500001d3,0x8000012f,0x500001d4
0x500001d3,0x80000130,2
0x500001d3,0x80000272,0x600001dd
0x500001d4,0x8000007a,1
0x500001d4,0x8000012c,6
0x500001d4,0x8000012e,0x500001d3
0x500001d4,0x8000012f,0x500001d5
0x500001d4,0x80000130,3
0x500001d4,0x80000272,0x600001dd
0x500001d5,0x8000007a,1
0x500001d5,0x8000012c,6
0x500001d5,0x8000012e,0x500001d4
0x500001d5,0x8000012f,0x500001d6
0x500001d5,0x80000130,4
0x500001d5,0x80000272,0x600001dd
0x500001d6,0x8000007a,1
0x500001d6,0x8000012c,6
0x500001d6,0x8000012e,0x500001d5
0x500001d6,0x8000012f,0x500001d7
0x500001d6,0x80000130,5
0x500001d6,0x80000272,0x600001dd
0x500001d7,0x8000007a,1
0x500001d7,0x8000012c,6
0x500001d7,0x8000012e,0x500001d6
0x500001d7,0x80000130,6
0x500001d7,0x80000272,0x600001dd
0x500001d8,0x8000007a,1
0x500001d8,0x8000012c,6
0x500001d8,0x8000012f,0x500001d9
0x500001d8,0x80000130,1
0x500001d8,0x80000272,0x600001da
0x500001d9,0x8000007a,1
0x500001d9,0x8000012c,6
0x500001d9,0x8000012e,0x500001d8
0x500001d9,0x8000012f,0x500001da
0x500001d9,0x80000130,2
0x500001d9,0x80000272,0x600001da
0x500001da,0x8000007a,1
0x500001da,0x8000012c,6
0x500001da,0x8000012e,0x500001d9
0x500001da,0x8000012f,0x500001db
0x500001da,0x80000130,3
0x500001da,0x80000272,0x600001da
0x500001db,0x8000007a,1
0x500001db,0x8000012c,6
0x500001db,0x8000012e,0x500001da
0x500001db,0x80000130,4
0x500001db,0x80000272,0x600001da
0x500001dc,0x8000007a,1
0x500001dc,0x8000012c,6
0x500001dc,0x8000012f,0x500001dd
0x500001dc,0x80000130,1
0x500001dc,0x80000272,0x600001dd
0x500001dd,0x8000007a,1
0x500001dd,0x8000012c,6
0x500001dd,0x8000012e,0x500001dc
0x500001dd,0x8000012f,0x500001de
0x500001dd,0x80000130,2
0x500001dd,0x80000272,0x600001dd
0x500001de,0x8000007a,1
0x500001de,0x8000012c,6
0x500001de,0x8000012e,0x500001dd
0x500001de,0x8000012f,0x500001df
0x500001de,0x80000130,3
0x500001de,0x80000272,0x600001dd
0x500001df,0x8000007a,1
0x500001df,0x8000012c,6
0x500001df,0x8000012e,0x500001de
0x500001df,0x8000012f,0x500001e0
0x500001df,0x80000130,4
0x500001df,0x80000272,0x600001dd
0x500001e0,0x8000007a,1
0x500001e0,0x8000012c,6
0x500001e0,0x8000012e,0x500001df
0x500001e0,0x8000012f,0x500001e1
0x500001e0,0x80000130,5
0x500001e0,0x80000272,0x600001dd
0x500001e1,0x8000007a,1
0x500001e1,0x8000012c,6
0x500001e1,0x8000012e,0x500001e0
0x500001e1,0x8000012f,0x500001e2
0x500001e1,0x80000130,6
0x500001e1,0x80000272,0x600001dd
0x500001e2,0x8000007a,1
0x500001e2,0x8000012c,6
0x500001e2,0x8000012e,0x500001e1
0x500001e2,0x8000012f,0x500001e3
0x500001e2,0x80000130,7
0x500001e2,0x80000272,0x600001dd
0x500001e3,0x8000007a,1
0x500001e3,0x8000012c,6
0x500001e3,0x8000012e,0x500001e2
0x500001e3,0x80000130,8
0x500001e3,0x80000272,0x600001dd
0x500001e4,0x8000007a,1
0x500001e4,0x8000012c,6
0x500001e4,0x8000012f,0x500001e5
0x500001e4,0x80000130,1
0x500001e4,0x80000272,0x600001dd
0x500001e5,0x8000007a,1
0x500001e5,0x8000012c,6
0x500001e5,0x8000012e,0x500001e4
0x500001e5,0x8000012f,0x500001e6
0x500001e5,0x80000130,2
0x500001e5,0x80000272,0x600001dd
0x500001e6,0x8000007a,1
0x500001e6,0x8000012c,6
0x500001e6,0x8000012e,0x500001e5
0x500001e6,0x8000012f,0x500001e7
0x500001e6,0x80000130,3
0x500001e6,0x80000272,0x600001dd
0x500001e7,0x8000007a,1
0x500001e7,0x8000012c,6
0x500001e7,0x8000012e,0x500001e6
0x500001e7,0x8000012f,0x500001e8
0x500001e7,0x80000130,4
0x500001e7,0x80000272,0x600001dd
0x500001e8,0x8000007a,1
0x500001e8,0x8000012c,6
0x500001e8,0x8000012e,0x500001e7
0x500001e8,0x8000012f,0x500001e9
0x500001e8,0x80000130,5
0x500001e8,0x80000272,0x600001dd
0x500001e9,0x8000007a,1
0x500001e9,0x8000012c,6
0x500001e9,0x8000012e,0x500001e8
0x500001e9,0x80000130,6
0x500001e9,0x80000272,0x600001dd
0x500001ea,0x8000007a,1
0x500001ea,0x8000012c,6
0x500001ea,0x8000012e,0x500001e9
0x500001ea,0x8000012f,0x500001eb
0x500001ea,0x80000130,7
0x500001ea,0x80000272,0x600001dd
0x500001eb,0x8000007a,1
0x500001eb,0x8000012c,6
0x500001eb,0x8000012e,0x500001ea
0x500001eb,0x8000012f,0x500001ec
0x500001eb,0x80000130,8
0x500001eb,0x80000272,0x600001dd
0x500001ec,0x8000007a,1
0x500001ec,0x8000012c,6
0x500001ec,0x8000012e,0x500001eb
0x500001ec,0x8000012f,0x500001ed
0x500001ec,0x80000130,9
0x500001ec,0x80000272,0x600001dd
0x500001ed,0x8000007a,1
0x500001ed,0x8000012c,6
0x500001ed,0x8000012e,0x500001ec
0x500001ed,0x80000130,10
0x500001ed,0x80000272,0x600001dd
0x500001ee,0x8000007a,1
0x500001ee,0x8000012c,6
0x500001ee,0x8000012f,0x500001ef
0x500001ee,0x80000130,1
0x500001ee,0x80000272,0x600001dd
0x500001ef,0x8000007a,1
0x500001ef,0x8000012c,6
0x500001ef,0x8000012e,0x500001ee
0x500001ef,0x8000012f,0x500001f0
0x500001ef,0x80000130,2
0x500001ef,0x80000272,0x600001dd
0x500001f0,0x8000007a,1
0x500001f0,0x8000012c,6
0x500001f0,0x8000012e,0x500001ef
0x500001f0,0x8000012f,0x500001f1
0x500001f0,0x80000130,3
0x500001f0,0x80000272,0x600001dd
0x500001f1,0x8000007a,1
0x500001f1,0x8000012c,6
0x500001f1,0x8000012e,0x500001f0
0x500001f1,0x80000130,4
0x500001f1,0x80000272,0x600001dd
0x500001f2,0x8000007a,1
0x500001f2,0x8000012c,6
0x500001f2,0x8000012f,0x500001f3
0x500001f2,0x80000130,1
0x500001f2,0x80000272,0x600001dd
0x500001f3,0x8000007a,1
0x500001f3,0x8000012c,6
0x500001f3,0x8000012e,0x500001f2
0x500001f3,0x80000130,2
0x500001f3,0x80000272,0x600001dd
0x500001f4,0x8000007a,1
0x500001f4,0x8000012c,6
0x500001f4,0x8000012f,0x500001f5
0x500001f4,0x80000130,1
0x500001f4,0x80000272,0x600001dc
0x500001f5,0x8000007a,1
0x500001f5,0x8000012c,6
0x500001f5,0x8000012e,0x500001f4
0x500001f5,0x8000012f,0x500001f6
0x500001f5,0x80000130,2
0x500001f5,0x80000272,0x600001dc
0x500001f6,0x8000007a,1
0x500001f6,0x8000012c,6
0x500001f6,0x8000012e,0x500001f5
0x500001f6,0x8000012f,0x500001f7
0x500001f6,0x80000130,3
0x500001f6,0x80000272,0x600001dc
0x500001f7,0x8000007a,1
0x500001f7,0x8000012c,6
0x500001f7,0x8000012e,0x500001f6
0x500001f7,0x8000012f,0x500001f8
0x500001f7,0x80000130,4
0x500001f7,0x80000272,0x600001dc
0x500001f8,0x8000007a,1
0x500001f8,0x8000012c,6
0x500001f8,0x8000012e,0x500001f7
0x500001f8,0x8000012f,0x500001f9
0x500001f8,0x80000130,5
0x500001f8,0x80000272,0x600001dc
0x500001f9,0x8000007a,1
0x500001f9,0x8000012c,6
0x500001f9,0x8000012e,0x500001f8
0x500001f9,0x8000012f,0x500001fa
0x500001f9,0x80000130,6
0x500001f9,0x80000272,0x600001dc
0x500001fa,0x8000007a,1
0x500001fa,0x8000012c,6
0x500001fa,0x8000012e,0x500001f9
0x500001fa,0x8000012f,0x500001fb
0x500001fa,0x80000130,7
0x500001fa,0x80000272,0x600001dc
0x500001fb,0x8000007a,1
0x500001fb,0x8000012c,6
0x500001fb,0x8000012e,0x500001fa
0x500001fb,0x80000130,8
0x500001fb,0x80000272,0x600001dc
0x500001fc,0x8000007a,1
0x500001fc,0x8000012c,6
0x500001fc,0x8000012f,0x500001fd
0x500001fc,0x80000130,1
0x500001fc,0x80000272,0x600001dc
0x500001fd,0x8000007a,1
0x500001fd,0x8000012c,6
0x500001fd,0x8000012e,0x500001fc
0x500001fd,0x80000130,2
0x500001fd,0x80000272,0x600001dc
0x500001fe,0x8000007a,1
0x500001fe,0x8000012c,6
0x500001fe,0x8000012f,0x500001ff
0x500001fe,0x80000130,1
0x500001fe,0x80000272,0x600001d9
0x500001ff,0x8000007a,1
0x500001ff,0x8000012c,6
0x500001ff,0x8000012e,0x500001fe
0x500001ff,0x80000130,2
0x500001ff,0x80000272,0x600001d9
0x50000200,0x8000007a,1
0x50000200,0x8000012c,6
0x50000200,0x8000012f,0x50000201
0x50000200,0x80000130,1
0x50000200,0x80000272,0x600001da
0x50000201,0x8000007a,1
0x50000201,0x8000012c,6
0x50000201,0x8000012e,0x50000200
0x50000201,0x8000012f,0x50000202
0x50000201,0x80000130,2
0x50000201,0x80000272,0x600001da
0x50000202,0x8000007a,1
0x50000202,0x8000012c,6
0x50000202,0x8000012e,0x50000201
0x50000202,0x8000012f,0x50000203
0x50000202,0x80000130,3
0x50000202,0x80000272,0x600001da
0x50000203,0x8000007a,1
0x50000203,0x8000012c,6
0x50000203,0x8000012e,0x50000202
0x50000203,0x8000012f,0x50000204
0x50000203,0x80000130,4
0x50000203,0x80000272,0x600001da
0x50000204,0x8000007a,1
0x50000204,0x8000012c,6
0x50000204,0x8000012e,0x50000203
0x50000204,0x8000012f,0x50000205
0x50000204,0x80000130,5
0x50000204,0x80000272,0x600001da
0x50000205,0x8000007a,1
0x50000205,0x8000012c,6
0x50000205,0x8000012e,0x50000204
0x50000205,0x8000012f,0x50000206
0x50000205,0x80000130,6
0x50000205,0x80000272,0x600001da
0x50000206,0x8000007a,1
0x50000206,0x8000012c,6
0x50000206,0x8000012e,0x50000205
0x50000206,0x8000012f,0x50000207
0x50000206,0x80000130,7
0x50000206,0x80000272,0x600001da
0x50000207,0x8000007a,1
0x50000207,0x8000012c,6
0x50000207,0x8000012e,0x50000206
0x50000207,0x80000130,8
0x50000207,0x80000272,0x600001da
0x50000208,0x8000007a,1
0x50000208,0x8000012c,6
0x50000208,0x8000012f,0x50000209
0x50000208,0x80000130,1
0x50000208,0x80000272,0x600001d9
0x50000209,0x8000007a,1
0x50000209,0x8000012c,6
0x50000209,0x8000012e,0x50000208
0x50000209,0x8000012f,0x5000020a
0x50000209,0x80000130,2
0x50000209,0x80000272,0x600001d9
0x5000020a,0x8000007a,1
0x5000020a,0x8000012c,6
0x5000020a,0x8000012e,0x50000209
0x5000020a,0x8000012f,0x5000020b
0x5000020a,0x80000130,3
0x5000020a,0x80000272,0x600001d9
0x5000020b,0x8000007a,1
0x5000020b,0x8000012c,6
0x5000020b,0x8000012e,0x5000020a
0x5000020b,0x80000130,4
0x5000020b,0x80000272,0x600001d9
0x5000020c,0x8000007a,1
0x5000020c,0x8000012c,6
0x5000020c,0x8000012f,0x5000020d
0x5000020c,0x80000130,1
0x5000020c,0x80000272,0x600001da
0x5000020d,0x8000007a,1
0x5000020d,0x8000012c,6
0x5000020d,0x8000012e,0x5000020c
0x5000020d,0x8000012f,0x5000020e
0x5000020d,0x80000130,2
0x5000020d,0x80000272,0x600001da
0x5000020e,0x8000007a,1
0x5000020e,0x8000012c,6
0x5000020e,0x8000012e,0x5000020d
0x5000020e,0x8000012f,0x5000020f
0x5000020e,0x80000130,3
0x5000020e,0x80000272,0x600001da
0x5000020f,0x8000007a,1
0x5000020f,0x8000012c,6
0x5000020f,0x8000012e,0x5000020e
0x5000020f,0x8000012f,0x50000210
0x5000020f,0x80000130,4
0x5000020f,0x80000272,0x600001da
0x50000210,0x8000007a,1
0x50000210,0x8000012c,6
0x50000210,0x8000012e,0x5000020f
0x50000210,0x8000012f,0x50000211
0x50000210,0x80000130,5
0x50000210,0x80000272,0x600001da
0x50000211,0x8000007a,1
0x50000211,0x8000012c,6
0x50000211,0x8000012e,0x50000210
0x50000211,0x80000130,6
0x50000211,0x80000272,0x600001da
0x50000212,0x8000007a,1
0x50000212,0x8000012c,6
0x50000212,0x8000012f,0x50000213
0x50000212,0x80000130,1
0x50000212,0x80000272,0x600001da
0x50000213,0x8000007a,1
0x50000213,0x8000012c,6
0x50000213,0x8000012e,0x50000212
0x50000213,0x80000130,2
0x50000213,0x80000272,0x600001da
0x50000318,0x8000007a,1
0x50000318,0x8000012c,10
0x50000318,0x8fff0003,1
0x50000319,0x8000007a,1
0x50000319,0x8000012c,11
0x50000319,0x80000133,1
0x5000031a,0x8000007a,1
0x5000031a,0x8000012c,11
0x5000031a,0x80000133,1
0x5000031b,0x8000007a,1
0x5000031b,0x8000012c,11
0x5000031b,0x80000133,1
0x5000031c,0x8000007a,1
0x5000031c,0x8000012c,12
0x5000031c,0x80000134,1
0x5000031d,0x8000007a,1
0x5000031d,0x8000012c,12
0x5000031d,0x80000134,1
0x5000031e,0x8000007a,3
0x5000031e,0x8000012c,5
0x5000031e,0x800001f7,2
0x50000320,0x8000007a,3
0x50000320,0x8000012c,5
0x50000320,0x800001f7,3
0x50000321,0x8000007a,3
0x50000321,0x8000012c,5
0x50000321,0x800001f7,0
0x50000322,0x8000007a,3
0x50000322,0x8000012c,5
0x50000322,0x800001f7,1
0x50000323,0x8000007a,3
0x50000323,0x8000012c,4
0x50000323,0x80000134,1
0x50000324,0x8000007a,2
0x50000324,0x8000012c,10
0x50000324,0x80000135,1
0x50000324,0x8fff0003,1
0x50000325,0x8000007a,2
0x50000325,0x8000012c,10
0x50000325,0x8000022c,0x50000092
0x50000325,0x8000022d,6
0x50000325,0x8000022e,2
0x50000325,0x8000022f,3
0x50000325,0x8fff0003,1
0x50000326,0x8000007a,2
0x50000326,0x8000012c,10
0x50000326,0x8000022c,0x50000090
0x50000326,0x8000022d,6
0x50000326,0x8000022e,6
0x50000326,0x8000022f,6
0x50000326,0x8fff0003,1
0x50000327,0x8000007a,2
0x50000327,0x8000012c,10
0x50000327,0x8000022c,0x5000007f
0x50000327,0x8000022d,9
0x50000327,0x8000022e,9
0x50000327,0x8000022f,9
0x50000327,0x8fff0003,1
0x50000328,0x8000007a,2
0x50000328,0x8000012c,10
0x50000328,0x8000022c,0x50000087
0x50000328,0x8000022d,0
0x50000328,0x8000022e,1
0x50000328,0x8000022f,4
0x50000328,0x8fff0003,1
0x50000329,0x8000007a,2
0x50000329,0x8000012c,10
0x50000329,0x8000022c,0x5000008b
0x50000329,0x8000022d,4
0x50000329,0x8000022e,0
0x50000329,0x8000022f,5
0x50000329,0x8fff0003,1
0x5000032a,0x8000007a,2
0x5000032a,0x8000012c,10
0x5000032a,0x8000022c,0x50000082
0x5000032a,0x8000022d,5
0x5000032a,0x8000022e,4
0x5000032a,0x8000022f,5
0x5000032a,0x8fff0003,1
0x5000032b,0x8000007a,2
0x5000032b,0x8000012c,10
0x5000032b,0x8000022c,0x50000086
0x5000032b,0x8000022d,1
0x5000032b,0x8000022e,3
0x5000032b,0x8000022f,4
0x5000032b,0x8fff0003,1
0x5000032c,0x8000007a,2
0x5000032c,0x8000012c,10
0x5000032c,0x8000022c,0x5000008d
0x5000032c,0x8000022d,2
0x5000032c,0x8000022e,8
0x5000032c,0x8000022f,5
0x5000032c,0x8fff0003,1
0x5000032d,0x8000007a,2
0x5000032d,0x8000012c,10
0x5000032d,0x8000022c,0x5000008a
0x5000032d,0x8000022d,9
0x5000032d,0x8000022e,4
0x5000032d,0x8000022f,6
0x5000032d,0x8fff0003,1
0x5000032e,0x8000007a,2
0x5000032e,0x8000012c,10
0x5000032e,0x8000022c,0x50000085
0x5000032e,0x8000022d,3
0x5000032e,0x8000022e,3
0x5000032e,0x8000022f,4
0x5000032e,0x8fff0003,1
0x5000032f,0x8000007a,2
0x5000032f,0x8000012c,10
0x5000032f,0x8000022d,4
0x5000032f,0x8000022e,4
0x5000032f,0x8000022f,4
0x5000032f,0x8fff0003,1
